,Network,User,Date,Text,Positive,Neutral,Negative,Compound
0,@CNN,MoRe,Wed Nov 01 04:01:52 +0000 2017,"@CNN Of course, no surprise, it's his nature.",0.204,0.583,0.214,-0.0258
1,@CNN,Evolutionology,Wed Nov 01 04:01:52 +0000 2017,"How EVOLVED are your views on Religion? Take the QUIZ and find out:
https://t.co/RpjEclehMY
@CNN @Foxnews https://t.co/tRA2DATuOm",0.0,1.0,0.0,0.0
2,@CNN,((BewareBelievers?)),Wed Nov 01 04:01:51 +0000 2017,"RT @Michell43913024: @CNN @mkraju Sarah Slanders tomorrow: ""The prez has been clear, HRC and BO and the Dems paid for Manafort's fake name¡­",0.097,0.787,0.116,-0.128
3,@CNN,DR,Wed Nov 01 04:01:50 +0000 2017,Horrified by ISIL influence in attack in NY. Are we horrified by alt-reality of trump admin? Fox? Same @nytimes @washingtonpost @cnn @msnbc,0.0,0.645,0.355,-0.8875
4,@CNN,shane benya,Wed Nov 01 04:01:50 +0000 2017,"RT @CNN: Former National Security Council employee: Russian President Vladimir Putin is engaging in ""information warfare"" https://t.co/TYgu¡­",0.229,0.667,0.105,0.3818
5,@CNN,Wendy Yandle,Wed Nov 01 04:01:49 +0000 2017,"RT @CNN: Paul Manafort has 3 US passports and traveled to Mexico, China and Ecuador with a phone registered under a fake name https://t.co/¡­",0.0,0.866,0.134,-0.4767
6,@CNN,Jack H Peripter,Wed Nov 01 04:01:48 +0000 2017,RT @CNN: US Supreme Court Justice Ruth Bader Ginsburg maintains she's not retiring https://t.co/Hj34AAJoNb https://t.co/hd8ALQlelT,0.35,0.65,0.0,0.7906
7,@CNN,C G G,Wed Nov 01 04:01:47 +0000 2017,RT @CNN: Fact check: Team Trump uses misinformation and inaccuracies in responding to the Mueller probe https://t.co/sYlRgEu376 https://t.c¡­,0.0,0.881,0.119,-0.3182
8,@CNN,M Mahathy,Wed Nov 01 04:01:45 +0000 2017,RT @LauraLoomer: This is why I shut @andersoncooper down tonight with fellow anti-#FakeNews New Yorkers. @CNN will never disavow Islamic te¡­,0.0,1.0,0.0,0.0
9,@CNN,Mark Wheatley,Wed Nov 01 04:01:45 +0000 2017,"RT @WalshFreedom: @CNN is lying again. They keep putting up on the screen that the terrorist yelled ""God is great!""

No. He yelled ""Allah A¡­",0.062,0.623,0.314,-0.8588
10,@CNN,Huh,Wed Nov 01 04:01:44 +0000 2017,"RT @CNN: Paul Manafort has 3 US passports and traveled to Mexico, China and Ecuador with a phone registered under a fake name https://t.co/¡­",0.0,0.866,0.134,-0.4767
11,@CNN,Oda Mae Brown,Wed Nov 01 04:01:43 +0000 2017,"RT @CNN: Paul Manafort has 3 US passports and traveled to Mexico, China and Ecuador with a phone registered under a fake name https://t.co/¡­",0.0,0.866,0.134,-0.4767
12,@CNN,Judith,Wed Nov 01 04:01:42 +0000 2017,"@CNN Now hear this. I watch news, but... https://t.co/WExijNtS5E",0.0,1.0,0.0,0.0
13,@CNN,harleygrl,Wed Nov 01 04:01:39 +0000 2017,RT @DrJaneRuby: Tonight @LauraLoomer did what many of us have dreamed of since the election: She called out #FakeNews @CNN @andersoncooper¡­,0.0,1.0,0.0,0.0
14,@CNN,Moshe Francis,Wed Nov 01 04:01:37 +0000 2017,@CNN  https://t.co/IR43igzzIB,0.0,1.0,0.0,0.0
15,@CNN,William Wallace,Wed Nov 01 04:01:36 +0000 2017,@CNN FACT CHECK: CNN HATES DONALD TRUMP!!!!!,0.0,0.596,0.404,-0.6209
16,@CNN,Ako660,Wed Nov 01 04:01:36 +0000 2017,"RT @Ramesh_hjs: #ManhattanAttack
????? '??????? ????' ????????,
??
@CNN ?? ?? ?????? ????? - '??? ?? ?????'
..???? ???? ????????? !
@hstapa¡­",0.0,1.0,0.0,0.0
17,@CNN,Stacey Bryant,Wed Nov 01 04:01:35 +0000 2017,@CNN Criminal,0.0,0.227,0.773,-0.5267
18,@CNN,Impeach__Now,Wed Nov 01 04:01:34 +0000 2017,"RT @CNN: Former National Security Council employee: Russian President Vladimir Putin is engaging in ""information warfare"" https://t.co/TYgu¡­",0.229,0.667,0.105,0.3818
19,@CNN,America Matters!??,Wed Nov 01 04:01:34 +0000 2017,"RT @AD_WHITMAN: .@CNN had an opportunity to correct ""truck attack"" to ""terrorist"" in the reply tweet to themselves correcting ""Truck attack¡­",0.112,0.763,0.124,-0.0772
20,@CNN,diz,Wed Nov 01 04:01:34 +0000 2017,@CNN Since papodapolous was allegedly caught lying how can Mueller or anyone else believe anything he says? Credibility issue from the start,0.0,0.861,0.139,-0.5267
21,@CNN,Jude,Wed Nov 01 04:01:33 +0000 2017,"RT @CNN: Paul Manafort has 3 US passports and traveled to Mexico, China and Ecuador with a phone registered under a fake name https://t.co/¡­",0.0,0.866,0.134,-0.4767
22,@CNN,NurseSimone,Wed Nov 01 04:01:33 +0000 2017,@CNN Fact check-Fox beat all of you in October ratings! Because you lie! Fact check-You are connected to Infusion GPS.. crooked and paid for,0.0,1.0,0.0,0.0
23,@CNN,Azmat Shah,Wed Nov 01 04:01:32 +0000 2017,"RT @CNN: Donald Trump Jr. marked Halloween by tweeting he'd redistribute his child's candy to ""teach her about socialism"" https://t.co/2h12¡­",0.0,1.0,0.0,0.0
24,@CNN,Vianey????,Wed Nov 01 04:01:32 +0000 2017,"RT @seanhannity: So @CNN is obsessed with Fox, NOBODY trusts them, nor should they. Thank you ¡°irredeemable deplorable friends!¡± https://t.¡­",0.127,0.695,0.178,0.0819
25,@CNN,Nita Phillips,Wed Nov 01 04:01:30 +0000 2017,"RT @DaveH_RPh: Hey @MSNBC, @CNN, @ABC, @CBS, @nytimes , @washingtonpost- the term LONE WOLF applies to those who act on their own warped ag¡­",0.0,0.886,0.114,-0.4278
26,@CNN,Elan Santos,Wed Nov 01 04:01:29 +0000 2017,"RT @JennJacques: .@CNN -he was NOT yelling ¡°God is great¡±, take that OUT of quotation marks. #DoYourJob @jaketapper @cnnbrk #NYC https://t.¡­",0.0,1.0,0.0,0.0
27,@CNN,?Jimmy 2 Scoops,Wed Nov 01 04:01:29 +0000 2017,RT @WhySoitenly: @seanhannity @sspiciousJulieP @CNN This is CNN https://t.co/Gq7MiuBCyz,0.0,1.0,0.0,0.0
28,@CNN,Alex S.Vasquez,Wed Nov 01 04:01:28 +0000 2017,@LauraLoomer @ShepNewsTeam @FoxNews @CNN Well Shepard Smith is just him.  He doesn't care.  He voices his own perso¡­ https://t.co/zII0cauuE9,0.097,0.782,0.121,-0.1351
29,@CNN,A_Distressed_USA,Wed Nov 01 04:01:27 +0000 2017,@Odawgfan75 @CNN I see common sense isn't your forte. Called working with limited characters.,0.0,0.863,0.137,-0.2263
30,@CNN,Richard Ross,Wed Nov 01 04:01:27 +0000 2017,@SoxsideRepoMan @PweedyTofer @CNN I said most terrorists were muslims. Islam spawns terror.,0.0,0.536,0.464,-0.8313
31,@CNN,Diane Parmigiani,Wed Nov 01 04:01:27 +0000 2017,@CNN How can U trust an EPA that doesn't believe in science? The absurd is becoming absurd!,0.193,0.807,0.0,0.5562
32,@CNN,m,Wed Nov 01 04:01:27 +0000 2017,RT @CernovichNews: This is the left. Will @CNN disavow? https://t.co/uCPqFb1ZHG,0.0,1.0,0.0,0.0
33,@CNN,ehm ??,Wed Nov 01 04:01:26 +0000 2017,"@abcnews @NBCNews @nytimes @washingtonpost @politico @CNN Take some time and look this over, dammit!",0.0,1.0,0.0,0.0
34,@CNN,Alo Mythos,Wed Nov 01 04:01:25 +0000 2017,@Chet_Cannon @MrEdTrain @FoxNews @CNN Fox better than CNNbut sheep Shep went on about how easy it would b to mistak¡­ https://t.co/AmIvZwLx4d,0.244,0.756,0.0,0.7003
35,@CNN,Anna Edlemann,Wed Nov 01 04:01:25 +0000 2017,"RT @WalshFreedom: @CNN is lying again. They keep putting up on the screen that the terrorist yelled ""God is great!""

No. He yelled ""Allah A¡­",0.062,0.623,0.314,-0.8588
36,@CNN,Pamela,Wed Nov 01 04:01:25 +0000 2017,@AndrewWMullins @untwin34 @CNN You get more disgusting every day @CNN @cnnbrk,0.0,0.73,0.27,-0.5709
37,@CNN,jullian cain,Wed Nov 01 04:01:24 +0000 2017,"@astros @HoustonChron @CNN @espn @HoustonTX  Minute should suspend all activities at minute maid park #7 ,that's why were losing,bad Karma",0.0,0.892,0.108,-0.3182
38,@CNN,Pamela Barnes,Wed Nov 01 04:01:24 +0000 2017,@CNN Who is this suspect CNN??? Better start doing your work for change instead of being so politically motivated!!!,0.291,0.613,0.096,0.7265
39,@CNN,brenda kellaway,Wed Nov 01 04:01:23 +0000 2017,@thepondinthebox @CNN @CNNPolitics Yeah still a secondary source! $30 thousand eh! Dems spent what 100 billion stil¡­ https://t.co/RgOgZJxmMx,0.148,0.852,0.0,0.4184
40,@CNN,LadyLiberty,Wed Nov 01 04:01:23 +0000 2017,@CNN Then He Can Absolutely.... https://t.co/YvcALh5HuD,0.0,1.0,0.0,0.0
41,@CNN,Misty Johnson,Wed Nov 01 04:01:22 +0000 2017,"@jewel_patriot @Spokesmanraw @CNN I don't drink, take your meds, cupcake.",0.0,1.0,0.0,0.0
42,@CNN,Jason Ortega,Wed Nov 01 04:01:22 +0000 2017,"RT @WalshFreedom: @CNN is lying again. They keep putting up on the screen that the terrorist yelled ""God is great!""

No. He yelled ""Allah A¡­",0.062,0.623,0.314,-0.8588
43,@CNN,sybil choate,Wed Nov 01 04:01:21 +0000 2017,"@WalshFreedom @CNN It is indicative of ISIS, which was proven. Why does the left defend the killers?",0.0,0.788,0.212,-0.6486
44,@CNN,KimberlySAnderson,Wed Nov 01 04:01:20 +0000 2017,"RT @AndrewWMullins: Are you kidding me, @CNN? https://t.co/UVnlaZXo9A",0.167,0.833,0.0,0.1027
45,@CNN,Your Reading News UK,Wed Nov 01 04:01:19 +0000 2017,"RT @CNN: Former National Security Council employee: Russian President Vladimir Putin is engaging in ""information warfare"" https://t.co/TYgu¡­",0.229,0.667,0.105,0.3818
46,@CNN,Deplorable Erin Hall,Wed Nov 01 04:01:18 +0000 2017,"RT @WalshFreedom: @CNN is lying again. They keep putting up on the screen that the terrorist yelled ""God is great!""

No. He yelled ""Allah A¡­",0.062,0.623,0.314,-0.8588
47,@CNN,Barbara?????,Wed Nov 01 04:01:17 +0000 2017,"RT @seanhannity: So @CNN is obsessed with Fox, NOBODY trusts them, nor should they. Thank you ¡°irredeemable deplorable friends!¡± https://t.¡­",0.127,0.695,0.178,0.0819
48,@CNN,Mary Colton,Wed Nov 01 04:01:17 +0000 2017,RT @CNN: New York's Halloween parade goes on amid heightened security following a deadly truck attack on a bike path https://t.co/7tIYM88pL¡­,0.107,0.756,0.138,-0.1779
49,@CNN,Freedom Lover,Wed Nov 01 04:01:17 +0000 2017,"RT @CNN: NYC truck attack suspect left note at the scene claiming he carried out the attack in the name of ISIS, source says https://t.co/G¡­",0.0,0.724,0.276,-0.8126
50,@CNN,Merilee,Wed Nov 01 04:01:17 +0000 2017,@LawrenceTSmith @CNN trump post lately have been comments from the federalist..a well known false fact news place.,0.116,0.884,0.0,0.2732
51,@CNN,keithG,Wed Nov 01 04:01:16 +0000 2017,"RT @AsraNomani: Hear us @JoyAnnReid @VanJones68 @sallyKohn @msnbc @cnn @BilldeBlasio. 
We are Muslims who OWN UP to our extremism problem.¡­",0.0,1.0,0.0,0.0
52,@CNN,TheMan DownTheHall,Wed Nov 01 04:01:16 +0000 2017,@WilDaBeast_22 @Thizlam87 @AndrewWMullins @CNN No. They are trying to avoid saying or implying the word muslim. Oth¡­ https://t.co/J1dee5PmLW,0.0,0.784,0.216,-0.5267
53,@CNN,lv24rt1,Wed Nov 01 04:01:15 +0000 2017,@CNN Mueller Worked with Radical Islamists to Purge Anti-Terrorism Training Material Offensive to Muslims https://t.co/vMvhUWj7b2,0.0,0.824,0.176,-0.4588
54,@CNN,Helene Williams,Wed Nov 01 04:01:14 +0000 2017,"RT @Patriotic_Va: Yep, nothing to see here folks...@CNN will say don't point fingers maybe they shud wake the hell up, bc we are!  https://¡­",0.076,0.756,0.168,-0.5707
55,@CNN,I am a Real American,Wed Nov 01 04:01:14 +0000 2017,@BreitbartNews thanks to @CNN,0.492,0.508,0.0,0.4404
56,@CNN,Ryan R,Wed Nov 01 04:01:14 +0000 2017,@richardross65 @PweedyTofer @CNN  https://t.co/NAR9w1YwWh,0.0,1.0,0.0,0.0
57,@CNN,Saadaq Cabdullahi,Wed Nov 01 04:01:12 +0000 2017,@ntvkenya @janengoiri @TrevorOmbija We don't need u Githeri biased media.we have @BBCWorld @CNN @AJENews,0.131,0.869,0.0,0.2057
58,@CNN,Bill Hovis,Wed Nov 01 04:01:11 +0000 2017,RT @CNN: Fact check: Team Trump uses misinformation and inaccuracies in responding to the Mueller probe https://t.co/sYlRgEu376 https://t.c¡­,0.0,0.881,0.119,-0.3182
59,@CNN,TAWNEY BENNER,Wed Nov 01 04:01:10 +0000 2017,@CNN  https://t.co/Ms6X7rbKLv,0.0,1.0,0.0,0.0
60,@CNN,JohnnyLegg,Wed Nov 01 04:01:10 +0000 2017,@brandonhull @CNN ??¡á?,0.0,1.0,0.0,0.0
61,@CNN,juandiego salazar,Wed Nov 01 04:01:10 +0000 2017,"@CNN What a hideous brainless fucktard she is, nothing good or positive comes out of her ever! #DumpTrump¡­ https://t.co/gFh3p1XD5u",0.0,0.607,0.393,-0.8665
62,@CNN,Oyateson,Wed Nov 01 04:01:07 +0000 2017,RT @CNN: New York's Halloween parade goes on amid heightened security following a deadly truck attack on a bike path https://t.co/7tIYM88pL¡­,0.107,0.756,0.138,-0.1779
63,@CNN,ehm ??,Wed Nov 01 04:01:07 +0000 2017,@abcnews @nbcnews @nytimes @washingtonpost @politico @CNN,0.0,1.0,0.0,0.0
64,@CNN,Richard Ross,Wed Nov 01 04:01:07 +0000 2017,@SoxsideRepoMan @PweedyTofer @CNN Thats ridiculous,0.0,0.615,0.385,-0.3612
65,@CNN,?deplorable?,Wed Nov 01 04:01:06 +0000 2017,"RT @MediaJuggernaut: CNN: Suspect Was Yelling God Is Great In Arabic.
NO, He Was Yelling ""Allah Akbar"".
Hey @CNN, This Is NOT An Apple, It'¡­",0.192,0.649,0.159,0.2656
66,@CNN,Alberta,Wed Nov 01 04:01:06 +0000 2017,RT @CNN: Fact check: Team Trump uses misinformation and inaccuracies in responding to the Mueller probe https://t.co/sYlRgEu376 https://t.c¡­,0.0,0.881,0.119,-0.3182
67,@CNN,Karwani Nyakairu Jr.,Wed Nov 01 04:01:05 +0000 2017,"RT @CNN: Paul Manafort has 3 US passports and traveled to Mexico, China and Ecuador with a phone registered under a fake name https://t.co/¡­",0.0,0.866,0.134,-0.4767
68,@CNN,Julie,Wed Nov 01 04:01:04 +0000 2017,Here's a thought @CNN @MSNBC @maddow @Lawrence Why don't you state daily the number of Americans killed by gun violence in America that day,0.042,0.607,0.351,-0.8934
69,@CNN,al-Mu'min,Wed Nov 01 04:01:03 +0000 2017,RT @CNN: Asics wants to build your shoes in the microwave https://t.co/neox3hzBeI https://t.co/Peb2L0hreI,0.0,1.0,0.0,0.0
70,@CNN,Billy,Wed Nov 01 04:01:02 +0000 2017,RT @CNN: Fact check: Team Trump uses misinformation and inaccuracies in responding to the Mueller probe https://t.co/sYlRgEu376 https://t.c¡­,0.0,0.881,0.119,-0.3182
71,@CNN,DukeofEarl53,Wed Nov 01 04:01:02 +0000 2017,"RT @seanhannity: So @CNN is obsessed with Fox, NOBODY trusts them, nor should they. Thank you ¡°irredeemable deplorable friends!¡± https://t.¡­",0.127,0.695,0.178,0.0819
72,@CNN,Luis G. Alvarado,Wed Nov 01 04:01:01 +0000 2017,@CNN So @DonaldJTrumpJr is going as a dick for Halloween. The rest of the year he's a regular asshole like his dad @realDonaldTrump.,0.101,0.766,0.133,-0.2023
73,@CNN,I am Trumps Army,Wed Nov 01 04:01:01 +0000 2017,RT @CernovichNews: This is the left. Will @CNN disavow? https://t.co/uCPqFb1ZHG,0.0,1.0,0.0,0.0
74,@CNN,MoAfrika??,Wed Nov 01 04:01:01 +0000 2017,"RT @MyAfrica_MyLove: @JGvanZyl_ZA @CNN @BBC More women are murdered than farmers. And how many plumbers, electricians died in last 24hrs? Y¡­",0.0,0.697,0.303,-0.8505
75,@CNN,General Bipin Rawat,Wed Nov 01 04:01:00 +0000 2017,"RT @Ramesh_hjs: #ManhattanAttack
????? '??????? ????' ????????,
??
@CNN ?? ?? ?????? ????? - '??? ?? ?????'
..???? ???? ????????? !
@hstapa¡­",0.0,1.0,0.0,0.0
76,@CNN,Hugh Jorgen,Wed Nov 01 04:00:59 +0000 2017,RT @DrJaneRuby: Tonight @LauraLoomer did what many of us have dreamed of since the election: She called out #FakeNews @CNN @andersoncooper¡­,0.0,1.0,0.0,0.0
77,@CNN,larry musall,Wed Nov 01 04:00:59 +0000 2017,"@CNN So SAD,CNN Use to be a go to News,Now just a big FLUSH!!?",0.0,1.0,0.0,0.0
78,@CNN,Penny C. Nicholas,Wed Nov 01 04:00:59 +0000 2017,"RT @CNN: Paul Manafort has 3 US passports and traveled to Mexico, China and Ecuador with a phone registered under a fake name https://t.co/¡­",0.0,0.866,0.134,-0.4767
79,@CNN,L.J.,Wed Nov 01 04:00:59 +0000 2017,@CNN To think that he made his fortune with such lousy tactics. Tells you a lot about the business world and the stupidity of it all.,0.0,0.782,0.218,-0.7506
80,@CNN,Deplorable Rees,Wed Nov 01 04:00:59 +0000 2017,"RT @AD_WHITMAN: .@CNN had an opportunity to correct ""truck attack"" to ""terrorist"" in the reply tweet to themselves correcting ""Truck attack¡­",0.112,0.763,0.124,-0.0772
81,@CNN,Richard Ross,Wed Nov 01 04:00:58 +0000 2017,@SoxsideRepoMan @PweedyTofer @CNN I never said all muslims were terrorists,0.0,0.661,0.339,-0.6249
82,@CNN,Brad,Wed Nov 01 04:00:56 +0000 2017,"RT @AndrewWMullins: Are you kidding me, @CNN? https://t.co/UVnlaZXo9A",0.167,0.833,0.0,0.1027
83,@CNN,Sandra Slufarska,Wed Nov 01 04:00:56 +0000 2017,"RT @seanhannity: So @CNN is obsessed with Fox, NOBODY trusts them, nor should they. Thank you ¡°irredeemable deplorable friends!¡± https://t.¡­",0.127,0.695,0.178,0.0819
84,@CNN,Ben Pattavina,Wed Nov 01 04:00:56 +0000 2017,@GerardoRVS_ @TrustNewsAgain @CNN Hahaaa get disrespected bitch,0.0,0.424,0.576,-0.7783
85,@CNN,#WickedAlwaysWins,Wed Nov 01 04:00:55 +0000 2017,"RT @CNN: Paul Manafort has 3 US passports and traveled to Mexico, China and Ecuador with a phone registered under a fake name https://t.co/¡­",0.0,0.866,0.134,-0.4767
86,@CNN,De Rigueur Mortis,Wed Nov 01 04:00:55 +0000 2017,"RT @CNN: Paul Manafort has 3 US passports and traveled to Mexico, China and Ecuador with a phone registered under a fake name https://t.co/¡­",0.0,0.866,0.134,-0.4767
87,@CNN,Phyllis Jones,Wed Nov 01 04:00:54 +0000 2017,RT @sannino2005: @CNN It's getting hot in the trump quarters...Jr should try and keep a low profile cause it looks like the boys in big tro¡­,0.091,0.833,0.076,0.1027
88,@CNN,Silent Wolf,Wed Nov 01 04:00:53 +0000 2017,"RT @CNN: Paul Manafort has 3 US passports and traveled to Mexico, China and Ecuador with a phone registered under a fake name https://t.co/¡­",0.0,0.866,0.134,-0.4767
89,@CNN,Vikhyath,Wed Nov 01 04:00:52 +0000 2017,"RT @dinesh_mundli: Our voice for our mother tung. 
We are Always debtor  to Our mother land..
#BlackDayForTulunad 
@CNN @TimesNow @republic",0.0,1.0,0.0,0.0
90,@CNN,Steven,Wed Nov 01 04:00:52 +0000 2017,RT @CNN: Lewis Hamilton crowned the 2017 Formula One world champion -- his fourth title -- despite finishing ninth in Mexico https://t.co/d¡­,0.157,0.843,0.0,0.5994
91,@CNN,Florentina Litra,Wed Nov 01 04:00:52 +0000 2017,RT @CNN: Fact check: Team Trump uses misinformation and inaccuracies in responding to the Mueller probe https://t.co/sYlRgEu376 https://t.c¡­,0.0,0.881,0.119,-0.3182
92,@CNN,Wayde Mccoy,Wed Nov 01 04:00:51 +0000 2017,@CNN  https://t.co/Sm59KcKgax,0.0,1.0,0.0,0.0
93,@CNN,Jay Daws,Wed Nov 01 04:00:50 +0000 2017,@LauraLoomer @ShepNewsTeam @FoxNews @CNN Laura you should take Shephard Smith's lot @Fox. You would be great.,0.215,0.785,0.0,0.6249
94,@CNN,Lena SG,Wed Nov 01 04:00:49 +0000 2017,"@CNN Lies, lies and more lies! https://t.co/dhcGnqWneh",0.0,0.315,0.685,-0.8268
95,@CNN,Michael Medley,Wed Nov 01 04:00:49 +0000 2017,"RT @CNN: Los Angeles Dodgers force a decisive Game 7 in the World Series, winning at home 3-1 against the Houston Astros https://t.co/YXLBR¡­",0.218,0.782,0.0,0.6486
96,@CNN,Lynne T Jones,Wed Nov 01 04:00:49 +0000 2017,RT @drnoir33: @CNN This from a man who has never had to work a day in his life.,0.0,1.0,0.0,0.0
97,@CNN,T Edwards,Wed Nov 01 04:00:48 +0000 2017,@Omri_Ubey @joeymunley9 @CNN Moron,0.0,0.484,0.516,-0.4939
98,@CNN,Eddie Current,Wed Nov 01 04:00:47 +0000 2017,@CNN  https://t.co/16RRvdW3e4,0.0,1.0,0.0,0.0
99,@CNN,Mia Lapro,Wed Nov 01 04:00:47 +0000 2017,"RT @AD_WHITMAN: .@CNN had an opportunity to correct ""truck attack"" to ""terrorist"" in the reply tweet to themselves correcting ""Truck attack¡­",0.112,0.763,0.124,-0.0772
100,@FoxNews,JAMES BOND,Wed Nov 01 04:01:53 +0000 2017,"RT @tamaragitt: .@FoxNews can confirm: NYC attacker is out of the OR. He was shot in the leg, missing all major vessels...no life threateni¡­",0.0,0.789,0.211,-0.7096
101,@FoxNews,Catherine Siena,Wed Nov 01 04:01:53 +0000 2017,RT @FoxNews: BREAKING: President #Trump says he ordered stronger 'extreme vetting program' after NYC terror attack  https://t.co/RPZO6hb4La,0.113,0.606,0.281,-0.5994
102,@FoxNews,Daliyah Lupin,Wed Nov 01 04:01:53 +0000 2017,"RT @FoxNews: One World Trade Center is lit in red, white and blue in honor of ""freedom &amp; democracy"" after today's deadly terror attack in N¡­",0.206,0.613,0.181,0.2263
103,@FoxNews,Proud Boy,Wed Nov 01 04:01:53 +0000 2017,"RT @WalshFreedom: I just heard @FoxNews call it a ""deadly truck attack.""

Bullshit. A truck can't move on it's own. A Muslim terrorist was¡­",0.0,0.679,0.321,-0.8591
104,@FoxNews,MD,Wed Nov 01 04:01:52 +0000 2017,"RT @FoxNews: Watch @IngrahamAngle's monologue: ""The people took their power back on Election Day, and the establishment is mad as hell."" ht¡­",0.0,0.868,0.132,-0.4939
105,@FoxNews,Evolutionology,Wed Nov 01 04:01:52 +0000 2017,"How EVOLVED are your views on Religion? Take the QUIZ and find out:
https://t.co/RpjEclehMY
@CNN @Foxnews https://t.co/tRA2DATuOm",0.0,1.0,0.0,0.0
106,@FoxNews,Ronald Walker,Wed Nov 01 04:01:50 +0000 2017,@FoxNews @IngrahamAngle That is absolutely correct!!!,0.0,1.0,0.0,0.0
107,@FoxNews,Carter Reed,Wed Nov 01 04:01:49 +0000 2017,"RT @FoxNews: OPINION: New York terror attack -We've seen the face of evil but our politicians want us to look away
 https://t.co/nVrPRKbAUD",0.055,0.682,0.263,-0.6705
108,@FoxNews,Kimberly Monday,Wed Nov 01 04:01:49 +0000 2017,RT @FoxNews: .@IngrahamAngle: We shouldn't lose 1 more American life b/c politicians don't have the nerve...to do what's necessary to secur¡­,0.106,0.894,0.0,0.3089
109,@FoxNews,Sam I Am,Wed Nov 01 04:01:49 +0000 2017,"@jrasmussbbn @tsykes8888 @seanhannity @FoxNews @realDonaldTrump Yeah, they also echoed a lot of Trumps bullshit abo¡­ https://t.co/QggCf7DV04",0.116,0.684,0.2,-0.3818
110,@FoxNews,Joan,Wed Nov 01 04:01:48 +0000 2017,RT @FoxNews: .@IngrahamAngle: We shouldn't lose 1 more American life b/c politicians don't have the nerve...to do what's necessary to secur¡­,0.106,0.894,0.0,0.3089
111,@FoxNews,Loretta Frasquillo,Wed Nov 01 04:01:48 +0000 2017,"@JudgeJeanine @FoxNews it's funny she wrote an entire book on What happened I can sum it up in 2 words ""you lost"".",0.132,0.868,0.0,0.4404
112,@FoxNews,Truth Trump Lies,Wed Nov 01 04:01:48 +0000 2017,RT @AKMMitchell: .@seanhannity and @TuckerCarlson - Watch Dimwit's Denial Monday thru Friday only on @FoxNews. https://t.co/KG61r5CjdR,0.0,1.0,0.0,0.0
113,@FoxNews,pastor moustafa Eid,Wed Nov 01 04:01:46 +0000 2017,@amagrammie @RuthieRedSox @He_Has_Failed @michaelbeatty3 @carrieksada @BigLeague2020 @LeahR77 @BethanyJuno¡­ https://t.co/42WhJmBRxb,0.0,1.0,0.0,0.0
114,@FoxNews,Louis Boulanges,Wed Nov 01 04:01:46 +0000 2017,RT @TuckerCarlson: .@brithume: These kinds of attacks can not take down Western Civilization. #Tucker @FoxNews,0.0,0.828,0.172,-0.4404
115,@FoxNews,444 (Four),Wed Nov 01 04:01:46 +0000 2017,@informationplz_ @FoxNews Right,0.0,1.0,0.0,0.0
116,@FoxNews,Banshee,Wed Nov 01 04:01:44 +0000 2017,"RT @FoxNews: .@marklevinshow on U.S. gov't vetting process: ""It's a lottery system. That's no way to run an immigration system.""  https://t¡­",0.0,0.896,0.104,-0.296
117,@FoxNews,CTmommy,Wed Nov 01 04:01:44 +0000 2017,RT @FoxNews: .@IngrahamAngle: We shouldn't lose 1 more American life b/c politicians don't have the nerve...to do what's necessary to secur¡­,0.106,0.894,0.0,0.3089
118,@FoxNews,Queso del Diablo,Wed Nov 01 04:01:44 +0000 2017,"@ZombieTrump69 @thewieser @Sheepdogleader @TraveliNupe @Jimthemathman @FoxNews @IngrahamAngle Aw, honeycakes - don'¡­ https://t.co/wKvstCkORn",0.0,1.0,0.0,0.0
119,@FoxNews,Catherine Siena,Wed Nov 01 04:01:44 +0000 2017,"RT @FoxNews: ""I refuse to live in fear"" The NYC terror attack didn't keep huge crowds from the annual Halloween Parade #NYCStrong https://t¡­",0.0,0.565,0.435,-0.9163
120,@FoxNews,Mia??,Wed Nov 01 04:01:44 +0000 2017,"RT @FoxNews: .@IngrahamAngle: Americans are not going to accept radical Islamic terrorism as the ""new normal"" https://t.co/elW7gg5xBb",0.0,0.689,0.311,-0.7772
121,@FoxNews,¡îPhantom71'¡î,Wed Nov 01 04:01:43 +0000 2017,"@FoxNews @IngrahamAngle click over to Cnn all they have is non stop coverage of how slick Bob Mueller is. Manafort,¡­ https://t.co/WzTvOAnyGM",0.0,0.901,0.099,-0.296
122,@FoxNews,JasoNice,Wed Nov 01 04:01:43 +0000 2017,@JohnstonWriter @Manongjojo09 @norjohnston06 @RBrookman34 @partyofthepeopl @jrasmussbbn @tsykes8888 @seanhannity¡­ https://t.co/YizabnDpnH,0.0,1.0,0.0,0.0
123,@FoxNews,Behind Blue Eyes,Wed Nov 01 04:01:41 +0000 2017,@FoxNews @IngrahamAngle Bring charges against them for not representing us,0.0,0.811,0.189,-0.2732
124,@FoxNews,Mary Adiutori,Wed Nov 01 04:01:39 +0000 2017,@LindseyGrahamSC @ShannonBream @FoxNews Take away Trumps power until the Russian Probe is over,0.0,1.0,0.0,0.0
125,@FoxNews,tay????,Wed Nov 01 04:01:39 +0000 2017,@FoxNews @CLewandowski_ https://t.co/no7zFdppeB,0.0,1.0,0.0,0.0
126,@FoxNews,David Turley,Wed Nov 01 04:01:37 +0000 2017,"@marilynmonrowon @FoxNews @POTUS That truth, it's a bitc* yeah. But you're arguing against my facts. You don't get¡­ https://t.co/G7N7mP6zHC",0.2,0.667,0.133,0.128
127,@FoxNews,BS,Wed Nov 01 04:01:37 +0000 2017,@AnnCarolPerry1 @stop_ur_crap @valchappy1 @FoxNews @IngrahamAngle What¡¯s a baby finger? Are you saying Trump has a small penis?,0.0,1.0,0.0,0.0
128,@FoxNews,RoninFiji,Wed Nov 01 04:01:37 +0000 2017,RT @FoxNews: OPINION: @mattgaetz: The NFL is attacking an America that has treated it very well. Time to end the tax breaks https://t.co/Q7¡­,0.091,0.796,0.114,-0.1548
129,@FoxNews,Frankie Hollywood,Wed Nov 01 04:01:37 +0000 2017,@Jimthemathman @MAGA_GUY @FoxNews @IngrahamAngle Are you serious?,0.0,0.822,0.178,-0.0772
130,@FoxNews,Shirley,Wed Nov 01 04:01:36 +0000 2017,@karjar358 @geoffreyrensi @Winky_Dinky_Dog @AmazingDouglass @FoxNews @IngrahamAngle Yes please you are so correct build the wall,0.278,0.722,0.0,0.6124
131,@FoxNews,william d mutters,Wed Nov 01 04:01:36 +0000 2017,@FoxNews one day. all these bleeding hart liberals are going to look up wondering what the hell happen. when they don't recognize the US.,0.0,0.833,0.167,-0.6808
132,@FoxNews,Dianne Jester,Wed Nov 01 04:01:36 +0000 2017,"RT @FoxNews: .@IngrahamAngle: Americans are not going to accept radical Islamic terrorism as the ""new normal"" https://t.co/elW7gg5xBb",0.0,0.689,0.311,-0.7772
133,@FoxNews,linda,Wed Nov 01 04:01:36 +0000 2017,RT @FoxNews: .@IngrahamAngle: We shouldn't lose 1 more American life b/c politicians don't have the nerve...to do what's necessary to secur¡­,0.106,0.894,0.0,0.3089
134,@FoxNews,Shane McGinnis,Wed Nov 01 04:01:36 +0000 2017,"RT @FoxNews: Watch @IngrahamAngle's monologue: ""The people took their power back on Election Day, and the establishment is mad as hell."" ht¡­",0.0,0.868,0.132,-0.4939
135,@FoxNews,Salvatore DiSanto,Wed Nov 01 04:01:36 +0000 2017,"@FoxNews @POTUS @DHSgov Maybe he should¡¯ve vetted Manafort, Gates, Popadopolous, et. al. And that¡¯s just the indict¡­ https://t.co/DAGi9BxATO",0.0,1.0,0.0,0.0
136,@FoxNews,Steph?MyPOTUS Trump,Wed Nov 01 04:01:35 +0000 2017,RT @FoxNews: .@realDonaldTrump tweeted this message about ISIS following an act of terror in New York City Tuesday afternoon. https://t.co/¡­,0.0,0.848,0.152,-0.5267
137,@FoxNews,billymjones55@gmail.,Wed Nov 01 04:01:34 +0000 2017,Democratic group pulls ad targeting Virginia governor hopeful Ed Gillespie's supporters https://t.co/EDsx34QcDv via the @FoxNews,0.323,0.677,0.0,0.7351
138,@FoxNews,Freedom isn't free,Wed Nov 01 04:01:34 +0000 2017,RT @PatrioticCindy: Not a gun?Not a Knife?Not a Bomb?Not a plane ?? ?But a Truck??Timeline of recent vehicle attacks in Europe @FoxNews  ht¡­,0.0,0.854,0.146,-0.4404
139,@FoxNews,Mitchell Henderson,Wed Nov 01 04:01:34 +0000 2017,@Fossil_B_Bear @SarahSm39566870 @SParsaid @AnneMoose1 @FreemarketAnarc @DeBarthej @alllibertynews @OutlawedMind¡­ https://t.co/fCZb3yWL82,0.0,1.0,0.0,0.0
140,@FoxNews,James,Wed Nov 01 04:01:33 +0000 2017,@FoxNews He's look like Colin Kaepernick,0.333,0.667,0.0,0.3612
141,@FoxNews,BronyFurious,Wed Nov 01 04:01:33 +0000 2017,"@Snowflakemeltor @Nadiasalvino @john_abrahamson @FoxNews Face it. If God is real, he's Rick Sanchez. Causing Massiv¡­ https://t.co/Q8L0oOVK4X",0.123,0.877,0.0,0.2732
142,@FoxNews,Lola Verita,Wed Nov 01 04:01:33 +0000 2017,RT @lola_verita: @FoxNews @IngrahamAngle Oh hell no! Stop Muslim immigration! They helped create terrorists! The hate Jews gays n freedoms!¡­,0.064,0.393,0.543,-0.9507
143,@FoxNews,Prince Bowaa,Wed Nov 01 04:01:33 +0000 2017,@6th_coming @FoxNews @IngrahamAngle  https://t.co/ElfGzmciNG,0.0,1.0,0.0,0.0
144,@FoxNews,CitizenObservers,Wed Nov 01 04:01:33 +0000 2017,"@FoxNews Lights are great, but the #NYCStrong mayor allowed a guy with an expired visa linked to #ISIS to kill¡­ https://t.co/eiOHVcMi3T",0.118,0.882,0.0,0.3716
145,@FoxNews,Sonya Shuler,Wed Nov 01 04:01:32 +0000 2017,"@Metalheadkha @tonipelori @JasonNewborne @FoxNews @EWErickson Yeah, I know. They told me they want the US to be a s¡­ https://t.co/FzrpBMbHTa",0.179,0.821,0.0,0.3612
146,@FoxNews,AER ????,Wed Nov 01 04:01:32 +0000 2017,"RT @Ewwinetime: @FoxNews @BretBaier @TuckerCarlson Same guests, same chatter every day. Try something new @JGilliam_SEAL #SheepNoMore #terr¡­",0.0,1.0,0.0,0.0
147,@FoxNews,Julia S?,Wed Nov 01 04:01:31 +0000 2017,"RT @FoxNews: OPINION: New York terror attack -We've seen the face of evil but our politicians want us to look away
 https://t.co/nVrPRKbAUD",0.055,0.682,0.263,-0.6705
148,@FoxNews,Jon C Greco,Wed Nov 01 04:01:31 +0000 2017,"@FoxNews @IngrahamAngle The liberals are lobbing POTUS to band automatic vehicles, with high capacity engines, alon¡­ https://t.co/DrPiufD7TS",0.0,1.0,0.0,0.0
149,@FoxNews,Lola Verita,Wed Nov 01 04:01:30 +0000 2017,@FoxNews @IngrahamAngle Oh hell no! Stop Muslim immigration! They helped create terrorists! The hate Jews gays n fr¡­ https://t.co/so6Q1z0AuV,0.066,0.378,0.556,-0.9483
150,@FoxNews,Trollhunter,Wed Nov 01 04:01:29 +0000 2017,"RT @FoxNews: .@IngrahamAngle: Americans are not going to accept radical Islamic terrorism as the ""new normal"" https://t.co/elW7gg5xBb",0.0,0.689,0.311,-0.7772
151,@FoxNews,Alex S.Vasquez,Wed Nov 01 04:01:28 +0000 2017,@LauraLoomer @ShepNewsTeam @FoxNews @CNN Well Shepard Smith is just him.  He doesn't care.  He voices his own perso¡­ https://t.co/zII0cauuE9,0.097,0.782,0.121,-0.1351
152,@FoxNews,Lynne Saint Urbain,Wed Nov 01 04:01:28 +0000 2017,"RT @FoxNews: .@IngrahamAngle: Americans are not going to accept radical Islamic terrorism as the ""new normal"" https://t.co/elW7gg5xBb",0.0,0.689,0.311,-0.7772
153,@FoxNews,hockeyfan666666,Wed Nov 01 04:01:28 +0000 2017,RT @FoxNews: .@IngrahamAngle: We shouldn't lose 1 more American life b/c politicians don't have the nerve...to do what's necessary to secur¡­,0.106,0.894,0.0,0.3089
154,@FoxNews,dqlpc,Wed Nov 01 04:01:27 +0000 2017,"@FlanaganLiss @FoxNews @IngrahamAngle Yeah, like not letting the Sec of State sell out national security to Russia¡­ https://t.co/wPMvDOVPFY",0.321,0.679,0.0,0.7269
155,@FoxNews,Jason Newborne ??,Wed Nov 01 04:01:27 +0000 2017,@SonyaShuler @Metalheadkha @tonipelori @FoxNews @EWErickson Taking a donation is not illegal in this case. Doesn¡¯t matter. Not illegal.,0.332,0.668,0.0,0.7139
156,@FoxNews,Jon C Greco,Wed Nov 01 04:01:26 +0000 2017,"RT @FoxNews: .@IngrahamAngle: Americans are not going to accept radical Islamic terrorism as the ""new normal"" https://t.co/elW7gg5xBb",0.0,0.689,0.311,-0.7772
157,@FoxNews,Mickey,Wed Nov 01 04:01:26 +0000 2017,"@FoxNews @akawhit1 @IngrahamAngle Ban all vehicles, the truck killed people not the driver, liberal thinking.",0.0,0.616,0.384,-0.8442
158,@FoxNews,Candy Hazen-Bell,Wed Nov 01 04:01:26 +0000 2017,RT @FoxNews: .@IngrahamAngle: We shouldn't lose 1 more American life b/c politicians don't have the nerve...to do what's necessary to secur¡­,0.106,0.894,0.0,0.3089
159,@FoxNews,Lighten Up,Wed Nov 01 04:01:26 +0000 2017,@CarlGist @FoxNews @IngrahamAngle Agreed but can we talk about them one at a time? The solutions may be and probably are different,0.159,0.841,0.0,0.3818
160,@FoxNews,leeora kronen,Wed Nov 01 04:01:25 +0000 2017,RT @FoxNews: .@IngrahamAngle: We shouldn't lose 1 more American life b/c politicians don't have the nerve...to do what's necessary to secur¡­,0.106,0.894,0.0,0.3089
161,@FoxNews,Alo Mythos,Wed Nov 01 04:01:25 +0000 2017,@Chet_Cannon @MrEdTrain @FoxNews @CNN Fox better than CNNbut sheep Shep went on about how easy it would b to mistak¡­ https://t.co/AmIvZwLx4d,0.244,0.756,0.0,0.7003
162,@FoxNews,DaveOtt,Wed Nov 01 04:01:24 +0000 2017,@sanford943 @Crackin4pr @viking053 @LithuanianRob @IngrahamAngle @FoxNews Nope - Some Words Were Meant For certain People . she¡¯s a cunt,0.109,0.725,0.166,-0.2732
163,@FoxNews,Troy Marriott,Wed Nov 01 04:01:24 +0000 2017,@FoxNews @IngrahamAngle Her parents must be so proud.... NOT,0.0,1.0,0.0,0.0
164,@FoxNews,LANI CZAJA,Wed Nov 01 04:01:24 +0000 2017,@PatricySullivan @brendajoanneWY @UndrBillsDesk @FoxNews @HillaryClinton Omg.,0.0,1.0,0.0,0.0
165,@FoxNews,Beth Harrington,Wed Nov 01 04:01:23 +0000 2017,"RT @FoxNews: .@IngrahamAngle: Americans are not going to accept radical Islamic terrorism as the ""new normal"" https://t.co/elW7gg5xBb",0.0,0.689,0.311,-0.7772
166,@FoxNews,Steph?MyPOTUS Trump,Wed Nov 01 04:01:23 +0000 2017,"RT @FoxNews: .@BernardKerik on terror attacks: ""They're going to kill us if we don't kill them."" #TheStory https://t.co/RPZO6gTtmA https://¡­",0.0,0.489,0.511,-0.9493
167,@FoxNews,Darr,Wed Nov 01 04:01:22 +0000 2017,"RT @FoxNews: .@IngrahamAngle: Americans are not going to accept radical Islamic terrorism as the ""new normal"" https://t.co/elW7gg5xBb",0.0,0.689,0.311,-0.7772
168,@FoxNews,Catherine Siena,Wed Nov 01 04:01:21 +0000 2017,RT @FoxNews: JUST IN: Fox News confirms this 2016 mugshot shows NYC terror suspect Sayfullo Saipov  https://t.co/vvlAN2lWeD https://t.co/x5¡­,0.0,0.741,0.259,-0.6808
169,@FoxNews,Slick,Wed Nov 01 04:01:21 +0000 2017,"RT @FoxNews: Watch @IngrahamAngle's monologue: ""The people took their power back on Election Day, and the establishment is mad as hell."" ht¡­",0.0,0.868,0.132,-0.4939
170,@FoxNews,Walter Noah,Wed Nov 01 04:01:20 +0000 2017,"@NileIsaac @ginamarie1925 @Occupy007 @FoxNews There's a reason why we put Trump in office.
Israel has a YUUUGE gree¡­ https://t.co/76d2WT58FC",0.0,1.0,0.0,0.0
171,@FoxNews,Patrick Oconnor,Wed Nov 01 04:01:20 +0000 2017,@BiseAhmed @xclusiveImpact9 @FoxNews So move there!,0.0,1.0,0.0,0.0
172,@FoxNews,Alex Simmons,Wed Nov 01 04:01:20 +0000 2017,RT @FoxNews: .@POTUS wasted no time in letting Americans know that he wants @DHSgov to step up the extreme vetting program https://t.co/PUT¡­,0.0,0.787,0.213,-0.6597
173,@FoxNews,Dave Edwards,Wed Nov 01 04:01:19 +0000 2017,"@FoxNews @IngrahamAngle If it was the Politicians family memrs that was killed it wud B a differnt story, but U hve¡­ https://t.co/cYrvg5vYpQ",0.0,0.867,0.133,-0.4118
174,@FoxNews,Chris Kudlacz,Wed Nov 01 04:01:19 +0000 2017,"@FoxNews It's the FBI not HR. What a stupid thing to suggest.

That's not the job of the FBI &amp; the dumbest cop out I have ever heard",0.092,0.798,0.11,-0.1341
175,@FoxNews,David Price,Wed Nov 01 04:01:17 +0000 2017,"RT @ArianeBellamar: @ryanthomasb I do.  I ?? an unforeseen ally; @FoxNews, who broke this. I wouldn¡¯t have been more surprised if I woke up¡­",0.095,0.783,0.122,-0.1548
176,@FoxNews,Pressplay,Wed Nov 01 04:01:17 +0000 2017,@PrMnsLeeTrevino @theleadingnews @mmgonline @FoxNews https://t.co/xfSISJ7cGh,0.0,1.0,0.0,0.0
177,@FoxNews,Maria Rivera,Wed Nov 01 04:01:17 +0000 2017,RT @FoxNews: .@IngrahamAngle: We shouldn't lose 1 more American life b/c politicians don't have the nerve...to do what's necessary to secur¡­,0.106,0.894,0.0,0.3089
178,@FoxNews,Steph?MyPOTUS Trump,Wed Nov 01 04:01:16 +0000 2017,"RT @FoxNews: BREAKING: NYC attack suspect was from Uzbekistan, had green card, source tells Fox News  https://t.co/RPZO6hb4La",0.0,0.739,0.261,-0.6486
179,@FoxNews,Catherine Siena,Wed Nov 01 04:01:16 +0000 2017,RT @FoxNews: .@IngrahamAngle: We shouldn't lose 1 more American life b/c politicians don't have the nerve...to do what's necessary to secur¡­,0.106,0.894,0.0,0.3089
180,@FoxNews,iLLiAM,Wed Nov 01 04:01:16 +0000 2017,@Trumpapedia @FoxNews no it wouldnt have,0.0,0.694,0.306,-0.296
181,@FoxNews,hangover,Wed Nov 01 04:01:16 +0000 2017,@FoxNews @IngrahamAngle Really???Thats deep,0.0,1.0,0.0,0.0
182,@FoxNews,George Morton,Wed Nov 01 04:01:15 +0000 2017,@MichelleDunla12 @FoxNews You mean Obama and Clinton! 8 years of corruption! And allowing Muslim terrorists to infi¡­ https://t.co/SBPvyJVMgG,0.0,0.774,0.226,-0.6892
183,@FoxNews,Emily Timm,Wed Nov 01 04:01:14 +0000 2017,@FoxNews @IngrahamAngle Trump is going down!,0.0,1.0,0.0,0.0
184,@FoxNews,StephenPLee,Wed Nov 01 04:01:14 +0000 2017,"@lorrainekaack @FoxNews @IngrahamAngle 

8 yrs. of brainwashing. Look what it did.
#MAGA",0.0,0.8,0.2,-0.3612
185,@FoxNews,I am the Predisent,Wed Nov 01 04:01:14 +0000 2017,@thelaynee @EthanOppenheim @Dubalicious1971 @LindaLo97561624 @Liberallogic5 @SheilaNJ @stephen_bobick @inesison¡­ https://t.co/4rMDvKI5vd,0.0,1.0,0.0,0.0
186,@FoxNews,Harriet Baldwin,Wed Nov 01 04:01:14 +0000 2017,"RT @FoxNews: Watch @IngrahamAngle's monologue: ""The people took their power back on Election Day, and the establishment is mad as hell."" ht¡­",0.0,0.868,0.132,-0.4939
187,@FoxNews,Smarty Pants,Wed Nov 01 04:01:14 +0000 2017,@FoxNews #FakeNews playing to the base with a total exaggeration. An attempt to inflame the moron horde,0.095,0.737,0.168,-0.34
188,@FoxNews,billymjones55@gmail.,Wed Nov 01 04:01:14 +0000 2017,Timeline of recent vehicle attacks in Europe https://t.co/Ppi8UMYSAM via the @FoxNews,0.0,0.775,0.225,-0.4404
189,@FoxNews,John Schaper,Wed Nov 01 04:01:13 +0000 2017,@polishprincessh @FoxNews Shepard Smith sucks. both personally and professionally.,0.0,0.762,0.238,-0.3612
190,@FoxNews,grannystanding4Truth,Wed Nov 01 04:01:13 +0000 2017,"RT @docrocktex26: At this rate I might actually watch a little @FoxNews today, just for the schadenfreude.?#MuellerMonday",0.0,1.0,0.0,0.0
191,@FoxNews,Larry Putnam,Wed Nov 01 04:01:13 +0000 2017,"RT @BlissTabitha: Do NOT listen to the advice on ??from dhimmi, jihad apologist &amp; Sharia enforcer, @LindseyGrahamSC on @FoxNews #tcot
https¡­",0.0,1.0,0.0,0.0
192,@FoxNews,gab.ai/rickybird,Wed Nov 01 04:01:13 +0000 2017,RT @MichelleDiana: ¡°The lone wolf thing is a cop out¡± - @RaheemKassam on @FoxNews with @ShannonBream on New York terror attack #NYCStrong,0.0,0.664,0.336,-0.8225
193,@FoxNews,Julia S?,Wed Nov 01 04:01:12 +0000 2017,"RT @AIIAmericanGirI: NYC attack: Trump calls for stronger 'extreme vetting' @FoxNews
https://t.co/igtZqyKeoQ",0.166,0.637,0.197,-0.128
194,@FoxNews,Joe Mama,Wed Nov 01 04:01:12 +0000 2017,@FoxNews @HillaryClinton Fuck off cuntbag!,0.0,0.513,0.487,-0.5848
195,@FoxNews,Gregory Blysard,Wed Nov 01 04:01:11 +0000 2017,"RT @_metafizik: ""This kind of coverage does the viewer a huge disservice &amp; further divides the country,"" a @FoxNews person told CNN.https:/¡­",0.108,0.892,0.0,0.3182
196,@FoxNews,Catherine Siena,Wed Nov 01 04:01:11 +0000 2017,"RT @FoxNews: One World Trade Center is lit in red, white and blue in honor of ""freedom &amp; democracy"" after today's deadly terror attack in N¡­",0.206,0.613,0.181,0.2263
197,@FoxNews,Frankie Hollywood,Wed Nov 01 04:01:11 +0000 2017,@Jimthemathman @FoxNews @IngrahamAngle Guns dont kill people.  Its the trucks.,0.293,0.707,0.0,0.5773
198,@FoxNews,suzy619,Wed Nov 01 04:01:10 +0000 2017,@stop_ur_crap @valchappy1 @FoxNews @AnnCarolPerry1 @IngrahamAngle Your man will go down in history as the most corr¡­ https://t.co/n5QGwWhSqA,0.0,1.0,0.0,0.0
199,@FoxNews,Steph?MyPOTUS Trump,Wed Nov 01 04:01:10 +0000 2017,RT @FoxNews: Democratic group pulls ad targeting VA gov hopeful @EdWGillespie's supporters in the wake of the NYC terror attack. https://t.¡­,0.209,0.572,0.219,-0.0772
200,@BBC,MoAfrika??,Wed Nov 01 04:01:01 +0000 2017,"RT @MyAfrica_MyLove: @JGvanZyl_ZA @CNN @BBC More women are murdered than farmers. And how many plumbers, electricians died in last 24hrs? Y¡­",0.0,0.697,0.303,-0.8505
201,@BBC,Love Kitties,Wed Nov 01 04:00:35 +0000 2017,RT @purringtonpost: Bad day at work? Your #cat knows! ~ https://t.co/WwmM8U3ZDb | via @BBC #cats https://t.co/dLciP415sC,0.0,0.774,0.226,-0.5848
202,@BBC,David Ribot i San¨®s,Wed Nov 01 03:58:56 +0000 2017,"Dictatorship and Repression can't be allowed.
#CatalanIndependence #CATALONIA @nytimes @bbc @CNN @UNHumanRights 

https://t.co/lfgbYG8Ora",0.0,0.822,0.178,-0.3818
203,@BBC,nkd¥è¥Ã¥·©`,Wed Nov 01 03:57:53 +0000 2017,"RT @BBC: Nowhere is safe. ??
#BluePlanet2 via @BBCEarth. https://t.co/ua94iUCzSi",0.244,0.756,0.0,0.4404
204,@BBC,Bhera Dass,Wed Nov 01 03:57:06 +0000 2017,RT @parmananddas1: #burnew @oprah  #hadiya #zimvwi #pakvsl #aadhaar #chennai #nyvtor @nba @aajtak @zeenews @srbachchan @bbcnews @bbc @aajta¡­,0.0,1.0,0.0,0.0
205,@BBC,gocoo,Wed Nov 01 03:56:59 +0000 2017,RT @RitaWilson: .@NoelGallagher #joolsholland @bbc #LaterWithJoolsHolland very glam backstage shot with some very glam rockers. https://t.c¡­,0.0,1.0,0.0,0.0
206,@BBC,IlSorpasso,Wed Nov 01 03:56:52 +0000 2017,@cnnbrk @BBC @australian @mauriciomacri Inizio' a cambiare toccando degli interessi di questi sindacati. Scusate It¡­ https://t.co/YieLdLWs3j,0.0,1.0,0.0,0.0
207,@BBC,gocoo,Wed Nov 01 03:56:37 +0000 2017,RT @RitaWilson: .@BBC #laterwithjoolsholland #josefeliciano #JoolsHolland Check out this lineup! @NoelGallagher @DUALIPA @aimeemann @SPRORG¡­,0.0,1.0,0.0,0.0
208,@BBC,Enzo Luis Vigliocco,Wed Nov 01 03:56:33 +0000 2017,@flacobarreiro @IgnacioValle3 @Juanjos_RP @asperger132 @NKollack @hector06gramajo @CarmenClausse @newspaperat8¡­ https://t.co/ySJgQ3tkN9,0.0,1.0,0.0,0.0
209,@BBC,IlSorpasso,Wed Nov 01 03:54:25 +0000 2017,@cnnbrk @BBC @australian @mauriciomacri PIU' - durante il Governo di Cristina K. Recalde al fronte dell' Aerolinea¡­ https://t.co/TDJZD3cF8z,0.0,1.0,0.0,0.0
210,@BBC,rodney stewart adams,Wed Nov 01 03:53:05 +0000 2017,"RT @Emmacochrane9: Explosive, if genuine. Except it's the Tories so it won't feature on @BBC I'm guessing.  They will stick with light hear¡­",0.0,1.0,0.0,0.0
211,@BBC,IlSorpasso,Wed Nov 01 03:51:54 +0000 2017,"@cnnbrk @BBC @australian @mauriciomacri Un ottimo uomo, M. DELL' ACQUA nominato dal Presidente MACRI portera' avant¡­ https://t.co/PeXBZCweIH",0.0,1.0,0.0,0.0
212,@BBC,SailorDan_Tweets,Wed Nov 01 03:51:47 +0000 2017,"RT @SebGorka: It's a @BBC kind of day. On again soon to talk special prosecutors and the tightening net around the Podestas.
703amET / 1103¡­",0.109,0.891,0.0,0.4019
213,@BBC,¤ä¤ó¤È¤â,Wed Nov 01 03:51:05 +0000 2017,"RT @BBC: Nowhere is safe. ??
#BluePlanet2 via @BBCEarth. https://t.co/ua94iUCzSi",0.244,0.756,0.0,0.4404
214,@BBC,ÐÅ,Wed Nov 01 03:49:47 +0000 2017,"RT @BBC: Nowhere is safe. ??
#BluePlanet2 via @BBCEarth. https://t.co/ua94iUCzSi",0.244,0.756,0.0,0.4404
215,@BBC,Edward,Wed Nov 01 03:48:33 +0000 2017,"RT @SebGorka: It's a @BBC kind of day. On again soon to talk special prosecutors and the tightening net around the Podestas.
703amET / 1103¡­",0.109,0.891,0.0,0.4019
216,@BBC,IlSorpasso,Wed Nov 01 03:47:51 +0000 2017,@cnnbrk @BBC @australian @mauriciomacri In ????sono arrivati per rimanere. Chiedo scusa avendo del sangue italiano¡­ https://t.co/8hsbn65IQy,0.0,1.0,0.0,0.0
217,@BBC,ANAND V UPADHYAY,Wed Nov 01 03:47:01 +0000 2017,"RT @jaybird2414: #SheUsedMe for for welfare of her family, support for parents #Fakecases #498a @PMOIndia @HMOIndia @BBC @CNN @MinistryWCD¡­",0.13,0.87,0.0,0.4019
218,@BBC,IlSorpasso,Wed Nov 01 03:45:45 +0000 2017,"@cnnbrk @BBC @australian @mauriciomacri Sanata l' Azienda. Altro che, vogliono 2 milliardi di dollari spenti durant¡­ https://t.co/hYILgQJlJh",0.0,1.0,0.0,0.0
219,@BBC,Fritz,Wed Nov 01 03:45:40 +0000 2017,@BBC Flying monkeys ...Wizard Of Oz,0.0,1.0,0.0,0.0
220,@BBC,3fatcats ?????,Wed Nov 01 03:45:32 +0000 2017,New York attack: Eight killed by man driving truck https://t.co/0U6cyFcWr2 via @BBC,0.0,0.568,0.432,-0.8225
221,@BBC,Monty Sullivan,Wed Nov 01 03:45:03 +0000 2017,"RT @BBC: If you've still struggling to do the downward dog, you've got your work cut out. She's 98 by the way. ? ? https://t.co/6HBcSsungS",0.0,0.811,0.189,-0.5994
222,@BBC,barbara7,Wed Nov 01 03:43:54 +0000 2017,"RT @AWAKEALERT: Which News Media Are The Biggest Liars
Please vote and RT 

@RT_com @CNN @Foxnews @BBC #Mueller #NorthKorea #Iran 
#Hallowe¡­",0.093,0.769,0.138,-0.2732
223,@BBC,IlSorpasso,Wed Nov 01 03:43:16 +0000 2017,@cnnbrk @BBC @australian @mauriciomacri @ilcorriereit Cari Italiani Oggi la Nostra azienda Aerolineas Argentinas??¡­ https://t.co/PJymhbqM0y,0.0,1.0,0.0,0.0
224,@BBC,Dave Schilling,Wed Nov 01 03:41:06 +0000 2017,"RT @BBC: If you've still struggling to do the downward dog, you've got your work cut out. She's 98 by the way. ? ? https://t.co/6HBcSsungS",0.0,0.811,0.189,-0.5994
225,@BBC,IlSorpasso,Wed Nov 01 03:41:05 +0000 2017,@cnnbrk @BBC @australian @mauriciomacri To avoid these goals. They will not win. CHANGE In ????arrived to settled d¡­ https://t.co/5WPA2m45Et,0.0,0.763,0.237,-0.6454
226,@BBC,Large Car,Wed Nov 01 03:40:56 +0000 2017,@SafetyPinDaily @BBC I know this doesn't sound right but maybe the movie final destination and I am in no way makin¡­ https://t.co/VeWD682E39,0.0,0.872,0.128,-0.4215
227,@BBC,Busiswa Bucy,Wed Nov 01 03:39:08 +0000 2017,RT @MotaungTyron: @JGvanZyl_ZA @CNN @BBC  https://t.co/BizMnqJDFE,0.0,1.0,0.0,0.0
228,@BBC,Jim Shepherd,Wed Nov 01 03:38:50 +0000 2017,"@BBC That is one weird clowning tradition you've got there, GB. But I suppose it's better than squirty trowsers and¡­ https://t.co/MLTitqNuwk",0.128,0.796,0.075,0.296
229,@BBC,IlSorpasso,Wed Nov 01 03:38:03 +0000 2017,@cnnbrk @BBC @australian @mauriciomacri Macri nominated Mario Dell'Acqua Ex Techint CEO to reduce and trying to ach¡­ https://t.co/Ak4AmpU5bQ,0.0,1.0,0.0,0.0
230,@BBC,John Angelo Aleman,Wed Nov 01 03:36:46 +0000 2017,"RT @BBC: If you've still struggling to do the downward dog, you've got your work cut out. She's 98 by the way. ? ? https://t.co/6HBcSsungS",0.0,0.811,0.189,-0.5994
231,@BBC,Nardeep Pujji,Wed Nov 01 03:36:03 +0000 2017,"RT @AWAKEALERT: Which News Media Are The Biggest Liars
Please vote and RT 

@RT_com @CNN @Foxnews @BBC #Mueller #NorthKorea #Iran 
#Hallowe¡­",0.093,0.769,0.138,-0.2732
232,@BBC,Kyle Carmean Wolfman,Wed Nov 01 03:35:58 +0000 2017,"RT @Smith43G: @OliMauritania @kyle_carmean @PrisonPlanet @Salon @BBC I don't think anyone gives a shit about him being gay, I think he's a¡­",0.0,0.833,0.167,-0.5574
233,@BBC,IlSorpasso,Wed Nov 01 03:35:18 +0000 2017,@cnnbrk @BBC @australian @mauriciomacri The Strike was done by Unions that obtained $ from the precedent populist g¡­ https://t.co/NZ5dwH7W1n,0.0,0.919,0.081,-0.128
234,@BBC,yogatailor yoga app,Wed Nov 01 03:34:54 +0000 2017,"RT @BBC: If you've still struggling to do the downward dog, you've got your work cut out. She's 98 by the way. ? ? https://t.co/6HBcSsungS",0.0,0.811,0.189,-0.5994
235,@BBC,Expert ¡ãAlpha | Beta,Wed Nov 01 03:34:20 +0000 2017,"RT @AWAKEALERT: Which News Media Are The Biggest Liars
Please vote and RT 

@RT_com @CNN @Foxnews @BBC #Mueller #NorthKorea #Iran 
#Hallowe¡­",0.093,0.769,0.138,-0.2732
236,@BBC,IlSorpasso,Wed Nov 01 03:32:40 +0000 2017,@cnnbrk @BBC @australian @mauriciomacri ????????????As an argentinian citizen i do apologize if you had to travel by Aerol¨ªneas Argentinas,0.076,0.924,0.0,0.1027
237,@BBC,ruth,Wed Nov 01 03:28:18 +0000 2017,"Cruel barbarians torturing #Dolphins dont visit the #FaroeIslands #OpKillingBay https://t.co/89uAt3bSmf #Travel #Traveltips
@VisitFaroe @BBC",0.0,0.606,0.394,-0.8316
238,@BBC,Dr Varun Anand,Wed Nov 01 03:27:43 +0000 2017,"RT @jaybird2414: #SheUsedMe for for welfare of her family, support for parents #Fakecases #498a @PMOIndia @HMOIndia @BBC @CNN @MinistryWCD¡­",0.13,0.87,0.0,0.4019
239,@BBC,Kalliat T Valsaraj,Wed Nov 01 03:27:06 +0000 2017,"RT @bogers: How science transformed the world in 100 years https://t.co/oMc5uIs23H RT @MartinVetterli, @BBC, @royalsociety",0.0,1.0,0.0,0.0
240,@BBC,ModiMsn2K19,Wed Nov 01 03:26:31 +0000 2017,Illogic of #NTSE with #QuotaGhost again U @PrakashJavdekar give Slow Poisonous death2 meritorious children above 45¡­ https://t.co/8ntWmU723k,0.149,0.673,0.178,-0.1531
241,@BBC,SENATOR PAPUA BARAT,Wed Nov 01 03:24:22 +0000 2017,@DPDRI @jpnncom @Media_Papua @kabarpapuaco @mprgoid @senatorpapuaMSK @KemensetnegRI @KementerianESDM @CNNIndonesia¡­ https://t.co/vU1C6CVVaT,0.0,1.0,0.0,0.0
242,@BBC,SeaGrassRoots,Wed Nov 01 03:23:31 +0000 2017,RT @come2whereiam: Mind blown #BluePlanet2 @bbc,0.0,1.0,0.0,0.0
243,@BBC,American Hero,Wed Nov 01 03:23:15 +0000 2017,"@LilMissRightie @BBC For the BBC, this is an improvement.",0.273,0.727,0.0,0.4588
244,@BBC,?????¨» ???,Wed Nov 01 03:21:59 +0000 2017,RT @BBC: ?? What did you watch as a child that scared the living daylights out of you? https://t.co/0o5sPZtw3X https://t.co/SavqUZFzdQ,0.0,0.861,0.139,-0.4404
245,@BBC,moriarty,Wed Nov 01 03:21:22 +0000 2017,solta um especial de sherlock pra gente daqui uns dois anos por favor pelo amor de deus @BBC,0.295,0.705,0.0,0.7717
246,@BBC,MAHAVEER KUMAWAT DAS,Wed Nov 01 03:19:44 +0000 2017,RT @parmananddas1: #burnew @oprah  #hadiya #zimvwi #pakvsl #aadhaar #chennai #nyvtor @nba @aajtak @zeenews @srbachchan @bbcnews @bbc @aajta¡­,0.0,1.0,0.0,0.0
247,@BBC,John Richards,Wed Nov 01 03:19:21 +0000 2017,"What a vile tv interviewer, almost as awful as the Brit @bbc #LauraK - how they get their jobs is anyone¡¯s guess https://t.co/uF9DZP4rPC",0.0,0.736,0.264,-0.7796
248,@BBC,Nishanth K M,Wed Nov 01 03:19:05 +0000 2017,@IndiaToday @HarmeetSS @timesofindia @republic @TimesNow @CNNnews18 @WIONews @BBC @BBCWorld @CNN why silent ?,0.0,1.0,0.0,0.0
249,@BBC,Hemant Dass,Wed Nov 01 03:18:29 +0000 2017,RT @parmananddas1: #burnew @oprah  #hadiya #zimvwi #pakvsl #aadhaar #chennai #nyvtor @nba @aajtak @zeenews @srbachchan @bbcnews @bbc @aajta¡­,0.0,1.0,0.0,0.0
250,@BBC,Justice misses H .,Wed Nov 01 03:18:11 +0000 2017,RT @cutedorkyIouis: @HSupdating @bbcmusic    @BBC     how can we watch Harry's bbc special if we're from the U.S?? ????,0.153,0.847,0.0,0.4696
251,@BBC,Col Som Sharma,Wed Nov 01 03:16:43 +0000 2017,"Veterans Soldier views
Gr8 Misfortune of Mother India @narendramodi is 45% #Quota selected IAS ruling &amp; #DegradingAFs @adgpi @IAF_MCC @BBC",0.163,0.837,0.0,0.5719
252,@BBC,Garima,Wed Nov 01 03:16:32 +0000 2017,RT @parmananddas1: #burnew @oprah  #hadiya #zimvwi #pakvsl #aadhaar #chennai #nyvtor @nba @aajtak @zeenews @srbachchan @bbcnews @bbc @aajta¡­,0.0,1.0,0.0,0.0
253,@BBC,nguema,Wed Nov 01 03:14:06 +0000 2017,RT @SmilePaix_Amour: @UN @RFI @BBC @CGT @ARTEde @CNN @force_ouvriere @MSN @Yahoo @clauvergnier . #Gabon : #ArrestationsArbitraires du syndi¡­,0.0,1.0,0.0,0.0
254,@BBC,FlacoBarreiro,Wed Nov 01 03:13:36 +0000 2017,@Juanjos_RP @asperger132 @NKollack @hector06gramajo @CarmenClausse @newspaperat8 @IgnacioValle3 @caciquepaturuzu¡­ https://t.co/GJhOePkwPk,0.0,1.0,0.0,0.0
255,@BBC,Brendan O'Kelly,Wed Nov 01 03:13:03 +0000 2017,"RT @AWAKEALERT: Which News Media Are The Biggest Liars
Please vote and RT 

@RT_com @CNN @Foxnews @BBC #Mueller #NorthKorea #Iran 
#Hallowe¡­",0.093,0.769,0.138,-0.2732
256,@BBC,T,Wed Nov 01 03:11:48 +0000 2017,"RT @DoctorYasmin: No, @BBC, ""aloo akbar"" does not mean God is great in Arabic. It means ""potatoes are great"" in Hindi/Arabic ? Pronunciatio¡­",0.271,0.596,0.133,0.734
257,@BBC,Yemen,Wed Nov 01 03:11:15 +0000 2017,"""Yemen children, under siege and months of bombing, in a humanitarian crisis"" - via @BBC #ChildrenUnderAttack https://t.co/CgrsGesU5J",0.0,0.773,0.227,-0.6249
258,@BBC,MPhillpyF,Wed Nov 01 03:09:21 +0000 2017,"RT @DoctorYasmin: No, @BBC, ""aloo akbar"" does not mean God is great in Arabic. It means ""potatoes are great"" in Hindi/Arabic ? Pronunciatio¡­",0.271,0.596,0.133,0.734
259,@BBC,Ada,Wed Nov 01 03:08:33 +0000 2017,RT @GrouciDjamila: @Cat_Kapow @Olympics @SBSNews @ChannelNewsAsia @nzherald @BBC  https://t.co/TjySYvshCS,0.0,1.0,0.0,0.0
260,@BBC,annia really,Wed Nov 01 03:07:03 +0000 2017,"RT @ArgyleLoz: The MSM, @BBC are going out of their way to protect the #TorySleaze allegations, while hanging Labour out to dry at every tu¡­",0.098,0.902,0.0,0.3818
261,@BBC,P??M?? ???,Wed Nov 01 03:05:02 +0000 2017,RT @parmananddas1: #burnew @oprah  #hadiya #zimvwi #pakvsl #aadhaar #chennai #nyvtor @nba @aajtak @zeenews @srbachchan @bbcnews @bbc @aajta¡­,0.0,1.0,0.0,0.0
262,@BBC,Andre Bezuidenhout,Wed Nov 01 03:01:46 +0000 2017,"RT @JGvanZyl_ZA: Past 24hrs 5 #farmattacks resulting in 3 murders. Retaliation on #BlackMonday @CNN @BBC 

Crime puts #Rugby #WorldRugby 
#¡­",0.0,0.681,0.319,-0.8176
263,@BBC,Pradeepdass,Wed Nov 01 03:00:54 +0000 2017,RT @parmananddas1: #burnew @oprah  #hadiya #zimvwi #pakvsl #aadhaar #chennai #nyvtor @nba @aajtak @zeenews @srbachchan @bbcnews @bbc @aajta¡­,0.0,1.0,0.0,0.0
264,@BBC,????H??V???  D@$,Wed Nov 01 02:59:33 +0000 2017,RT @parmananddas1: #burnew @oprah  #hadiya #zimvwi #pakvsl #aadhaar #chennai #nyvtor @nba @aajtak @zeenews @srbachchan @bbcnews @bbc @aajta¡­,0.0,1.0,0.0,0.0
265,@BBC,Juan Jose,Wed Nov 01 02:58:31 +0000 2017,@asperger132 @flacobarreiro @NKollack @hector06gramajo @CarmenClausse @newspaperat8 @IgnacioValle3 @caciquepaturuzu¡­ https://t.co/QSBTRtMeTZ,0.0,1.0,0.0,0.0
266,@BBC,Dr. Yasmin ???¡â??,Wed Nov 01 02:57:32 +0000 2017,"RT @BioShannon: @DoctorYasmin @BBC ""Gourd is great.""",0.0,1.0,0.0,0.0
267,@BBC,Marq Sutton,Wed Nov 01 02:57:22 +0000 2017,Mind blown #BluePlanet2 @bbc,0.0,1.0,0.0,0.0
268,@BBC,Elizabeth Cavanaugh,Wed Nov 01 02:52:57 +0000 2017,RT @angelabradyRIBA: The show begins #StirlingPrize #architecture @ArchitectsJrnal @BBC @RIBA @riaionline @guardian https://t.co/GPNdRny6nD,0.0,1.0,0.0,0.0
269,@BBC,IaM YoU,Wed Nov 01 02:52:52 +0000 2017,"RT @AWAKEALERT: Did You know?
Max Keiser left @BBC because he got strict orders not to mention #ISRAEL in any context. 

#BDS #Palestine #G¡­",0.0,1.0,0.0,0.0
270,@BBC,Marcus Austin,Wed Nov 01 02:52:38 +0000 2017,RT @GrouciDjamila: @Cat_Kapow @Olympics @SBSNews @ChannelNewsAsia @nzherald @BBC  https://t.co/TjySYvshCS,0.0,1.0,0.0,0.0
271,@BBC,MiguelPenida,Wed Nov 01 02:51:45 +0000 2017,@PatoBullrich @fantinofantino @luisnovaresio @majulluis @lauritalonso @arroyosalgado @elisacarrio @LanataPPT¡­ https://t.co/qm4d7X3BzA,0.0,1.0,0.0,0.0
272,@BBC,Ellen L. Simms,Wed Nov 01 02:50:34 +0000 2017,RT @nicolekearney: David Attenborough talking about Shaw's 1799 description of the Platypus. #swoon #NaturalCuriosities #notahoax @bbc @Bio¡­,0.0,1.0,0.0,0.0
273,@BBC,Áõ½¨»ª,Wed Nov 01 02:50:00 +0000 2017,"RT @Rulai_RPG: ÕýÔÚÖ±²¥µØÖ·£º¹ùÎÄ¹óÇ¿¼éÆÈº¦MaryÈ«Çé https://t.co/FgdLXdcaua
@JackPosobiec @ap @Reuters @BBC @wmeng8 @RuiMaZhanJ",0.0,1.0,0.0,0.0
274,@BBC,J. Chris Pires,Wed Nov 01 02:49:52 +0000 2017,RT @nicolekearney: David Attenborough talking about Shaw's 1799 description of the Platypus. #swoon #NaturalCuriosities #notahoax @bbc @Bio¡­,0.0,1.0,0.0,0.0
275,@BBC,Áõ½¨»ª,Wed Nov 01 02:49:47 +0000 2017,"RT @Rulai_RPG: ÍøÓÑÀ´¸å£º¹ùÎÄ¹óÔì¼Ù¾üÍÅµ®Éú¼Ç Disclosing GuoWengui's Fraud Team
@Reuters @AP @BBC @CNNi @DailyMail @VOAChinese @wmeng8 @JackPosobiec @Kwok¡­",0.0,0.798,0.202,-0.5859
276,@BBC,Deb Roscoe,Wed Nov 01 02:49:40 +0000 2017,"RT @OneBloodYeAndI: Killing not a mgmt strategy, @SenateApprops End war on #wildhorses! @BBC @DerSPIEGEL @politico #BelovedWorldwide https:¡­",0.0,0.62,0.38,-0.8622
277,@BBC,The Dog Crusader,Wed Nov 01 02:49:35 +0000 2017,RT @GrouciDjamila: @Cat_Kapow @Olympics @SBSNews @ChannelNewsAsia @nzherald @BBC  https://t.co/TjySYvshCS,0.0,1.0,0.0,0.0
278,@BBC,Rob Hedrick,Wed Nov 01 02:47:29 +0000 2017,RT @queenwaldorff: #BREAKING #REDCOVE ALERT  @CNN @BBC @CanPress watch the carnage #LIVE and report  ?????????????¡­ https://t.co/mOtMjR9zPP,0.164,0.836,0.0,0.4466
279,@BBC,LA McMotaung LK,Wed Nov 01 02:47:21 +0000 2017,@JGvanZyl_ZA @CNN @BBC  https://t.co/BizMnqJDFE,0.0,1.0,0.0,0.0
280,@BBC,JC Souperstar,Wed Nov 01 02:47:03 +0000 2017,"@SebGorka @BBC @realDonaldTrump Seriously, how you can lie about Trump NOT being a harasser and assaulter after he¡­ https://t.co/KQVWlHyWGV",0.0,0.758,0.242,-0.6249
281,@BBC,Professional Fangirl,Wed Nov 01 02:45:05 +0000 2017,RT @BBC: Think you're a @Harry_Styles superfan? Test your knowledge in this fiendishly difficult quiz. ? https://t.co/Bmk2ooGP9e https://t.¡­,0.0,0.857,0.143,-0.3612
282,@BBC,think for yourself,Wed Nov 01 02:45:00 +0000 2017,@JackBMontgomery @RedHotSquirrel It's from PC @BBC. What else dya expect!  Mustn't say Muslim in relation to Terror Attacks.,0.0,0.708,0.292,-0.7644
283,@BBC,WeBeOfOneBloodYe&I,Wed Nov 01 02:43:35 +0000 2017,"Killing not a mgmt strategy, @SenateApprops End war on #wildhorses! @BBC @DerSPIEGEL @politico #BelovedWorldwide https://t.co/tDtejAxjY7",0.0,0.583,0.417,-0.8622
284,@BBC,ERDK~111,Wed Nov 01 02:43:08 +0000 2017,"RT @ProfElvanAktas: ""Kanl? Tiyatro""
""Deadly Theater""
@cnni @bbc @AP @Reuters @dwnews @FoxNews @ABC @NBCNews @CBS @hrw @ariannahuff @OSCE_RF¡­",0.0,1.0,0.0,0.0
285,@BBC,carolyn limnyuy,Wed Nov 01 02:42:16 +0000 2017,"RT @WestCameroons: @judithnwana @PR_Paul_Biya @UN @antonioguterres @BBC Biya doesn't give gifts, he corrupts &amp; bribes. If @antonioguterres¡­",0.0,1.0,0.0,0.0
286,@BBC,MiguelPenida,Wed Nov 01 02:41:25 +0000 2017,"HDP ERAN QUIENES SILBARON a un grande, LACRAS ! @lemonde_pol @elpais_espana @guardian @AP @WSJ @BBC @washingtonpost¡­ https://t.co/17pAYhhUYg",0.0,1.0,0.0,0.0
287,@BBC,Vinod Kumar,Wed Nov 01 02:41:20 +0000 2017,@ShashiTharoor Has cong hired @BBC for antiIndia campaign @BJP4India @AmitShah @narendramodi,0.0,1.0,0.0,0.0
288,@BBC,Teresa Pitt Green,Wed Nov 01 02:40:46 +0000 2017,"RT @BBC: If you've still struggling to do the downward dog, you've got your work cut out. She's 98 by the way. ? ? https://t.co/6HBcSsungS",0.0,0.811,0.189,-0.5994
289,@BBC,Elvan Aktas,Wed Nov 01 02:39:47 +0000 2017,"""Kanl? Tiyatro""
""Deadly Theater""
@cnni @bbc @AP @Reuters @dwnews @FoxNews @ABC @NBCNews @CBS @hrw @ariannahuff¡­ https://t.co/hErKra4Ot7",0.0,1.0,0.0,0.0
290,@BBC,Toolazytobother,Wed Nov 01 02:39:36 +0000 2017,@GJMarshy @MunroeBergdorf @BBC I enjoyed it cause her baseless racial rhetoric was rinsed by statistics and facts a¡­ https://t.co/SViKC7b1uJ,0.163,0.837,0.0,0.5106
291,@BBC,selim kull,Wed Nov 01 02:39:12 +0000 2017,"RT @ProfElvanAktas: ""Kanl? Tiyatro""
""Deadly Theater""
@cnni @bbc @AP @Reuters @dwnews @FoxNews @ABC @NBCNews @CBS @hrw @ariannahuff @OSCE_RF¡­",0.0,1.0,0.0,0.0
292,@BBC,SethBedeGB,Wed Nov 01 02:38:58 +0000 2017,"@WhiteHouse - @Pontifex - @TheVaticanXCP - @WestminsterCath - @StJamesPalace - @BBC - @ITV - @SethBedeGB - ""Happy All-Saints' Day - Peace!"".",0.266,0.734,0.0,0.6114
293,@BBC,MiguelPenida,Wed Nov 01 02:38:53 +0000 2017,"1 SINIESTRO Y UN senador (PERONISTA) seg¨²n e, para MI UN TRAIDOR A LA PATRIA HIJO DE PUTA #PICHETTOTRAIDOR¡­ https://t.co/7Rpx8kwvdx",0.0,1.0,0.0,0.0
294,@BBC,Ana Zambrana,Wed Nov 01 02:38:37 +0000 2017,"RT @BBC: All sea life will be affected because C02 emissions are making the oceans more acidic, a major new report will say. https://t.co/R¡­",0.0,0.932,0.068,-0.1531
295,@BBC,PLEASE CAMILA,Wed Nov 01 02:38:21 +0000 2017,"RT @BBC: Slick choreography, lush vocals &amp; a trumpet solo. ? @Camila_Cabello's performance was #R1TeenAwards' biggest treat. https://t.co/G¡­",0.153,0.847,0.0,0.4019
296,@BBC,LAN,Wed Nov 01 02:37:42 +0000 2017,#Honduras is ¡°the deadliest per capita country...¡± @BBC @AFP @ABC @nbc @ElHuffPost @ThievesofState @USATODAY #LatAm https://t.co/0eB0u7ctxU,0.0,1.0,0.0,0.0
297,@BBC,Juan Jose,Wed Nov 01 02:36:11 +0000 2017,@Jos3Oliva @IgnacioValle3 @alasrotas2011 @NKollack @asperger132 @hector06gramajo @caciquepaturuzu @EnzoCace¡­ https://t.co/vj0uPNFUtk,0.0,1.0,0.0,0.0
298,@BBC,MiguelPenida,Wed Nov 01 02:35:41 +0000 2017,Un ministrito GORILON que trabaja para ellos mismos ! @lemonde_pol @elpais_espana @BBC @MiamiHerald @WSJ @guardian¡­ https://t.co/um16mi65ul,0.0,1.0,0.0,0.0
299,@BBC,MiguelPenida,Wed Nov 01 02:33:29 +0000 2017,@lemonde_pol @elpais_espana @nytimes @WSJ @MiamiHerald @guardian @AP @washingtonpost @ElHuffPost @thesundaytimes¡­ https://t.co/mrdAoUnjKm,0.0,1.0,0.0,0.0
300,@NYT,SquareOne?,Wed Nov 01 03:59:05 +0000 2017,What¡¯s the Economic Cost of Brexit? Pineapple Tells a Tale https://t.co/7yArcpDUie @NYT https://t.co/SPKjQ6d2ql,0.0,1.0,0.0,0.0
301,@NYT,"Jose Tijam, PMP, CSM",Wed Nov 01 03:55:12 +0000 2017,"""What¡¯s the Economic Cost of Brexit? Pineapple Tells a Tale"" via @NYT The New York Times https://t.co/MTThrzWb9V #businessnews #business #¡­",0.0,1.0,0.0,0.0
302,@NYT,Michelle Deal,Wed Nov 01 03:53:17 +0000 2017,"RT @NYT: On a Night That Celebrates Horror, It Came Close. https://t.co/lyoFpJsdsw",0.226,0.549,0.226,0.0
303,@NYT,Sue-Ellen,Wed Nov 01 03:50:32 +0000 2017,@Tool_Junkies @Lrihendry @CallMyForest @NYT That's conspiracy has long been debunked.  Look at the facts.  Look at the time line.,0.0,0.841,0.159,-0.5267
304,@NYT,Jane #DemForce,Wed Nov 01 03:38:49 +0000 2017,"@nhannahjones Oh, Geez, they're as bad the @NYT last year. Obviously, WSJ bet the bank on GOP and their horse prove¡­ https://t.co/jGFwmh0m4x",0.0,0.857,0.143,-0.5423
305,@NYT,Linda S ????,Wed Nov 01 03:22:50 +0000 2017,RT @InsideNatGeo: .@joelsartore's #PhotoArk images illustrate the impact of natural disasters on endangered species. Via @NYT: https://t.co¡­,0.118,0.711,0.171,-0.2732
306,@NYT,Kazzim Zongo,Wed Nov 01 03:21:50 +0000 2017,@jheil I believe you knew about #Halperin¡¯s sexual harassment and sexual assault. You were complicit in hiding it @MSNBC @NBC @NYT,0.0,0.642,0.358,-0.8591
307,@NYT,AugustPyke,Wed Nov 01 03:16:59 +0000 2017,@Truthdojo @TLPCon @NYT you do understand not all muslims are terrorists right?,0.0,0.728,0.272,-0.6249
308,@NYT,Kazzim Zongo,Wed Nov 01 03:05:58 +0000 2017,"@CAIR @NYT Muslim Sayfullo Habibullaevic Saipov plowed down ppl in NYC, an act of terror. Another example of the peaceful Muslim lifetyle",0.12,0.752,0.128,-0.0516
309,@NYT,bonnieT,Wed Nov 01 02:46:24 +0000 2017,"As Open Enrollment for Obamacare Begins, Confusion Reigns, via @nyt-Trump is trying to kill ACA. People will suffer. https://t.co/Io1ksO37XO",0.0,0.606,0.394,-0.886
310,@NYT,Mary Gelinas,Wed Nov 01 02:38:39 +0000 2017,@SenatorShaheen Left @NYT today after years of subscribing.,0.0,1.0,0.0,0.0
311,@NYT,SquareOne?,Wed Nov 01 02:34:26 +0000 2017,Top NPR Editor Accused of Sexual Harassment While at The New York Times https://t.co/NxPjXRFjG5 @NYT https://t.co/Zd3w5CKaMf,0.088,0.634,0.278,-0.5994
312,@NYT,SquareOne?,Wed Nov 01 02:34:25 +0000 2017,Mediator: Russia Inquiry Fails to Unite a Nation https://t.co/lNYjV9i5xf @NYT https://t.co/kaz6SpKm74,0.0,0.763,0.237,-0.4215
313,@NYT,SquareOne?,Wed Nov 01 02:34:23 +0000 2017,Netflix Suspends Production of ¡®House of Cards¡¯ https://t.co/fefxLg5l2l @NYT https://t.co/BDfkwSQfKq,0.0,1.0,0.0,0.0
314,@NYT,SquareOne?,Wed Nov 01 02:34:22 +0000 2017,Google Docs Glitch That Locked Out Users Underscores Privacy Concerns https://t.co/VeoEUXrIrr @NYT https://t.co/v40qhMTJyt,0.0,1.0,0.0,0.0
315,@NYT,SquareOne?,Wed Nov 01 02:34:20 +0000 2017,Mark Halperin¡¯s ¡®Game Change¡¯ Partner Says He Was Unaware https://t.co/7R5aRd6hF3 @NYT https://t.co/2ucJf812SS,0.0,0.859,0.141,-0.2023
316,@NYT,SquareOne?,Wed Nov 01 02:34:18 +0000 2017,Pruitt Bars Some Scientists From Advising E.P.A. https://t.co/y6q07cOBwt @NYT https://t.co/e1MWYyxQsm,0.0,1.0,0.0,0.0
317,@NYT,SquareOne?,Wed Nov 01 02:34:17 +0000 2017,"He¡¯s George Papadopoulos, Just Not That George Papadopoulos https://t.co/yPkr0YdPVG @NYT https://t.co/5qU92atTib",0.0,1.0,0.0,0.0
318,@NYT,SquareOne?,Wed Nov 01 02:34:15 +0000 2017,Exxon Will Pay $2.5 Million for Pollution at Gulf Coast Plants https://t.co/wp2VbwAboi @NYT https://t.co/5zwvSwUCsF,0.0,0.903,0.097,-0.1027
319,@NYT,SquareOne?,Wed Nov 01 02:34:12 +0000 2017,Breakingviews: Aetna Could Offer CVS Valuable Protection https://t.co/fjSSVCSM56 @NYT https://t.co/9VOnsFtLVs,0.256,0.744,0.0,0.4767
320,@NYT,SquareOne?,Wed Nov 01 02:34:07 +0000 2017,Matcha? Manicures? Fenty? It¡¯s the Dawn of a New Century 21 https://t.co/LoUkTzXXED @NYT https://t.co/n18szdKtXI,0.0,1.0,0.0,0.0
321,@NYT,leslie m freudenheim,Wed Nov 01 02:19:13 +0000 2017,@nyt urge legislators to pass laws 1) pres can¡¯t pardon self 2)pres can¡¯t  fire a special prosecutor 3) pres candidate must reveal his taxes,0.182,0.73,0.088,0.3818
322,@NYT,USN (RET),Wed Nov 01 02:16:04 +0000 2017,"This is 
.@CNN
.@CNNPolitics
.@cnnbrk
.@FoxNews
.@NYT
.@WSJ
.@BBC
.@RT_com
.@AP_Politics
.@ATT
.@NBC
.@ABC
.@CBS
.¡­ https://t.co/ttkDDlHLJL",0.0,1.0,0.0,0.0
323,@NYT,FrancieGrace,Wed Nov 01 02:05:56 +0000 2017,Busy news day but this (@abcnews has it) should still be on homepages of @NYT @WashingtonPost @USATODAY @NBCNews¡­ https://t.co/nTdak7Ah1x,0.0,1.0,0.0,0.0
324,@NYT,Rebecca Staab,Wed Nov 01 01:58:08 +0000 2017,RT @InsideNatGeo: .@joelsartore's #PhotoArk images illustrate the impact of natural disasters on endangered species. Via @NYT: https://t.co¡­,0.118,0.711,0.171,-0.2732
325,@NYT,Mara McGuire,Wed Nov 01 01:51:36 +0000 2017,@NYT You deserve that. https://t.co/9Z797uhT7p,0.0,1.0,0.0,0.0
326,@NYT,Katiuska Cabrera B,Wed Nov 01 01:17:26 +0000 2017,@SenateGOP @CNN @nyt @BobSMueller INTEGRATES IN THE COURTS AND THE PROSECUTOR ONLY THE DEMOCRATIC PARTY THAT IS NEPOTISM AND CORRUPTION,0.153,0.847,0.0,0.5319
327,@NYT,A Y O M I D E,Wed Nov 01 01:15:24 +0000 2017,"""Google Docs Glitch That Locked Out Users Underscores Privacy Concerns"" by MAYA SALAM via @NYT https://t.co/rZIFIhxucK",0.0,1.0,0.0,0.0
328,@NYT,"DreamsGen, Live It!",Wed Nov 01 01:15:15 +0000 2017,"RT @antoniovelardo_: ""Google Docs Glitch That Locked Out Users Underscores Privacy Concerns"" via @NYT https://t.co/TWifabLOVV #technology",0.0,1.0,0.0,0.0
329,@NYT,Info Security,Wed Nov 01 01:14:08 +0000 2017,"RT @antoniovelardo_: ""Google Docs Glitch That Locked Out Users Underscores Privacy Concerns"" via @NYT https://t.co/TWifabLOVV #technology",0.0,1.0,0.0,0.0
330,@NYT,Security Testing,Wed Nov 01 01:13:57 +0000 2017,"RT @antoniovelardo_: ""Google Docs Glitch That Locked Out Users Underscores Privacy Concerns"" via @NYT https://t.co/TWifabLOVV #technology",0.0,1.0,0.0,0.0
331,@NYT,Antonio Velardo,Wed Nov 01 01:13:31 +0000 2017,"""Google Docs Glitch That Locked Out Users Underscores Privacy Concerns"" via @NYT https://t.co/TWifabLOVV #technology",0.0,1.0,0.0,0.0
332,@NYT,"Jose Tijam, PMP, CSM",Wed Nov 01 01:05:25 +0000 2017,"""Russia Inquiry Fails to Unite a Nation"" via @NYT The New York Times https://t.co/nqL42j35My #businessnews #business #news",0.0,0.843,0.157,-0.4215
333,@NYT,"Jose Tijam, PMP, CSM",Wed Nov 01 01:05:25 +0000 2017,"""Top NPR Editor Accused of Sexual Harassment While at The New York Times"" via @NYT The New York Times https://t.co/AWbyl18Z9T #businessnew¡­",0.071,0.706,0.224,-0.5994
334,@NYT,Lynn Petronella,Wed Nov 01 01:03:12 +0000 2017,@MichaelDelauzon @cala_1111 @NYT @CBS @POTUS @ABC @CNN WHO SHOULD NEVER HAVE BEEN ALLOWED TO COME TO THE USA WHY AR¡­ https://t.co/RxSuVcoK0X,0.0,1.0,0.0,0.0
335,@NYT,Thai Nguyen,Wed Nov 01 00:50:13 +0000 2017,RT @NYT: Editorial: That Crazy Talk About Robert Mueller. https://t.co/LZj8JsYkAG,0.0,0.789,0.211,-0.34
336,@NYT,Jeremias,Wed Nov 01 00:48:28 +0000 2017,@skyfishgoo @inartic @NYT That¡¯s gross and unnerving.,0.0,0.659,0.341,-0.4767
337,@NYT,Thomas,Wed Nov 01 00:46:09 +0000 2017,RT @Truthdojo: We're shocked I tell you. Shocked. Islam again at the root of violence and death. Yet @NYT and NYC embrace the Islamics. htt¡­,0.068,0.56,0.372,-0.8834
338,@NYT,Saucy T,Wed Nov 01 00:40:00 +0000 2017,RT @Truthdojo: We're shocked I tell you. Shocked. Islam again at the root of violence and death. Yet @NYT and NYC embrace the Islamics. htt¡­,0.068,0.56,0.372,-0.8834
339,@NYT,Deplorable CEC,Wed Nov 01 00:39:43 +0000 2017,We're shocked I tell you. Shocked. Islam again at the root of violence and death. Yet @NYT and NYC embrace the Isla¡­ https://t.co/5XR90anUtO,0.072,0.533,0.395,-0.8834
340,@NYT,??skyfish??,Wed Nov 01 00:12:54 +0000 2017,"@harvydas @inartic @NYT gov does try to get its narrative out there, but usually thru est media

this law opens the¡­ https://t.co/dlGuvOkYE7",0.0,1.0,0.0,0.0
341,@NYT,Dave Winer,Wed Nov 01 00:04:43 +0000 2017,"RT @NYT: Rest for the Weary, as Battered World Series Pitchers Get a Day Off. https://t.co/SGSFiCxSeC",0.0,0.87,0.13,-0.2732
342,@NYT,"Jose Tijam, PMP, CSM",Tue Oct 31 23:57:17 +0000 2017,"""Google Docs Glitch That Locked Out Users Underscores Privacy Concerns"" via @NYT The New York Times https://t.co/ClLkfsYXTS #news #tech #t¡­",0.0,1.0,0.0,0.0
343,@NYT,Skip Parsotam,Tue Oct 31 23:33:16 +0000 2017,RT @NYT: Ezekiel Elliott Will Serve Suspension After Injunction Is Blocked. https://t.co/vBVYRhJe0m,0.0,0.84,0.16,-0.2732
344,@NYT,Mary Frank,Tue Oct 31 23:31:57 +0000 2017,RT @NYT: A Refusal to Compromise? Civil War Historians Beg to Differ. https://t.co/kYsQLKm9b8,0.0,0.738,0.262,-0.5994
345,@NYT,25th_Amendment,Tue Oct 31 23:31:04 +0000 2017,@SarahLerner Sad that @nyt is so out of it. @maggieNYT @peterbakernyt,0.0,0.763,0.237,-0.4767
346,@NYT,Nessus,Tue Oct 31 23:25:50 +0000 2017,@NYT That man murdered my Division - Pickett,0.0,0.577,0.423,-0.6597
347,@NYT,Joycelyn Winnecke,Tue Oct 31 23:22:11 +0000 2017,@NYT visits @VSIN in Vegas. Striving to be the 'CNBC for sports gamblers.' @brentmusburger https://t.co/2UjuBQ6frt,0.0,1.0,0.0,0.0
348,@NYT,Brian Rockwood,Tue Oct 31 23:20:23 +0000 2017,@nytimes The religion of peace strikes again. I'm sure @NYT will say it wasn't radical Islam.,0.272,0.61,0.117,0.5106
349,@NYT,Bob Lowry,Tue Oct 31 23:17:05 +0000 2017,Very difficult for small-medium size dailies to match what @nyt &amp; the @washingtonpost hav done. https://t.co/fa8SVL2rWA,0.0,0.843,0.157,-0.4201
350,@NYT,Timony McKeever,Tue Oct 31 23:03:01 +0000 2017,Review: ¡®Can I Get a Witness?¡¯ Takes James Baldwin¡¯s Message to Church https://t.co/cLvw9s1Lqr RT @NYT,0.0,1.0,0.0,0.0
351,@NYT,Mrs.Mocs,Tue Oct 31 22:44:43 +0000 2017,@NYT We know it was a Muslim terrorist!,0.0,0.546,0.454,-0.7177
352,@NYT,Brion Adair,Tue Oct 31 22:33:47 +0000 2017,@caitoz Hey I read it Caitlan. I bet spelling it is easier than trying to pronounce it. By the way I loved your adj¡­ https://t.co/MlZHcVy2nh,0.251,0.749,0.0,0.7717
353,@NYT,Venus Communications,Tue Oct 31 22:30:29 +0000 2017,"Women in Tech speak frankly on culture of misogyny and harassment via @NYT 
https://t.co/4MDVVaTwNm https://t.co/QC18tX7Z1P",0.0,0.8,0.2,-0.5423
354,@NYT,"Jose Tijam, PMP, CSM",Tue Oct 31 21:48:19 +0000 2017,"""Mark Halperin¡¯s ¡®Game Change¡¯ Partner Says He Was Unaware"" via @NYT The New York Times https://t.co/PhBMe0Zgo3 #businessnews #business #n¡­",0.0,0.909,0.091,-0.2023
355,@NYT,Jay Hudson,Tue Oct 31 21:42:41 +0000 2017,@jenuner @chrislhayes @Theremina The @NYT did a bit on it https://t.co/5zmtQbclZ1 https://t.co/5tVPXpLMyV,0.0,1.0,0.0,0.0
356,@NYT,Brad Starks,Tue Oct 31 21:34:26 +0000 2017,RT @NYT: Why Papadapoulos? Decoding Mueller¡¯s First Legal Moves. https://t.co/jXte3nW41D,0.143,0.857,0.0,0.128
357,@NYT,Nikhil Sonnad,Tue Oct 31 21:33:04 +0000 2017,@MacroViewpoints @NYT thanks,0.592,0.408,0.0,0.4404
358,@NYT,David David Kernan,Tue Oct 31 21:32:39 +0000 2017,"@latimes And just like the @NYT no mention of the attacker yelling ""Allahu Akbar""",0.129,0.567,0.304,-0.5267
359,@NYT,Editor Viewpoint,Tue Oct 31 21:31:18 +0000 2017,@nkl @NYT only million dollar baby wd possibly count in my top 25; I like so many tht I have to think &amp; create a li¡­ https://t.co/vSlmFh1grN,0.336,0.664,0.0,0.8442
360,@NYT,freecris ?,Tue Oct 31 21:25:26 +0000 2017,"#spanishneofrancoism
#spanishfarright
#HiDictatorship
#repressionCAT #llibertatJordis @ft @nyt @libe @guardian¡­ https://t.co/bmEQlEslgt",0.0,1.0,0.0,0.0
361,@NYT,vee,Tue Oct 31 21:19:12 +0000 2017,@nytimes Why show Pence as misled when it has been proven Pence was informed via letter from Re. Cummings?  Pence w¡­ https://t.co/nK9NYBc8vj,0.0,1.0,0.0,0.0
362,@NYT,Dusty J. Cantrell,Tue Oct 31 21:17:45 +0000 2017,Will @nyt still be around in a year?? RT @frugaltraveler: All you procrastinators out there: Today (cont) https://t.co/kT9uaXDkDs,0.0,1.0,0.0,0.0
363,@NYT,Editor Viewpoint,Tue Oct 31 21:16:32 +0000 2017,@nkl see Kardashians deliver more soft power to America thn the arrogant list of @NYT ; https://t.co/ScHMjXEnGo,0.0,0.824,0.176,-0.4939
364,@NYT,Nikhil Sonnad,Tue Oct 31 21:15:04 +0000 2017,@MacroViewpoints @NYT what are your top 25 movies,0.205,0.795,0.0,0.2023
365,@NYT,Editor Viewpoint,Tue Oct 31 21:13:58 +0000 2017,@nkl just saw the list; totally confirmed my opinion of how arrogant &amp; contemptuous @NYT is; their fans like u r even worse;,0.086,0.586,0.328,-0.7906
366,@NYT,David David Kernan,Tue Oct 31 21:13:16 +0000 2017,@LauraLoomer And yet BIG SURPRISE @NYT omits this little detail in its reporting,0.191,0.809,0.0,0.4278
367,@NYT,LMFreudenheim,Tue Oct 31 21:08:11 +0000 2017,RT @lesliemf: @nyt urge legislators to pass laws 1) pres can¡¯t pardon self 2)pres can¡¯t fire a special prosecutor 3) pres candidate must re¡­,0.182,0.73,0.088,0.3818
368,@NYT,LMFreudenheim,Tue Oct 31 21:07:19 +0000 2017,@nyt urge legislators to pass laws 1) pres can¡¯t pardon self 2)pres can¡¯t fire a special prosecutor 3) pres candidate must reveal his taxes,0.182,0.73,0.088,0.3818
369,@NYT,@decoannie,Tue Oct 31 21:06:48 +0000 2017,RT @NYT: Why Papadapoulos? Decoding Mueller¡¯s First Legal Moves. https://t.co/jXte3nW41D,0.143,0.857,0.0,0.128
370,@NYT,Paul Bartolini,Tue Oct 31 20:50:48 +0000 2017,RT @NYT: Why Papadapoulos? Decoding Mueller¡¯s First Legal Moves. https://t.co/jXte3nW41D,0.143,0.857,0.0,0.128
371,@NYT,Alka Pradhan ??,Tue Oct 31 20:49:58 +0000 2017,RT @GitmoWatch: @MiddleEastEye @AlJazeera @nyt @washingtonpost @benrgilbert @vice @SimoneReports @guardian @JesselynRadack @adamgoldmanNYT¡­,0.0,1.0,0.0,0.0
372,@NYT,Jean M. O'Brien,Tue Oct 31 20:49:48 +0000 2017,RT @NYT: Why Papadapoulos? Decoding Mueller¡¯s First Legal Moves. https://t.co/jXte3nW41D,0.143,0.857,0.0,0.128
373,@NYT,Meg Murray,Tue Oct 31 20:36:49 +0000 2017,RT @NYT: Why Papadapoulos? Decoding Mueller¡¯s First Legal Moves. https://t.co/jXte3nW41D,0.143,0.857,0.0,0.128
374,@NYT,hbhat,Tue Oct 31 20:36:08 +0000 2017,RT @NYT: Why Papadapoulos? Decoding Mueller¡¯s First Legal Moves. https://t.co/jXte3nW41D,0.143,0.857,0.0,0.128
375,@NYT,@marie,Tue Oct 31 20:34:53 +0000 2017,RT @NYT: Why Papadapoulos? Decoding Mueller¡¯s First Legal Moves. https://t.co/jXte3nW41D,0.143,0.857,0.0,0.128
376,@NYT,Mo Kelly,Tue Oct 31 20:34:00 +0000 2017,RT @NYT: Why Papadapoulos? Decoding Mueller¡¯s First Legal Moves. https://t.co/jXte3nW41D,0.143,0.857,0.0,0.128
377,@NYT,Jennifer Pike,Tue Oct 31 20:32:59 +0000 2017,RT @NYT: Why Papadapoulos? Decoding Mueller¡¯s First Legal Moves. https://t.co/jXte3nW41D,0.143,0.857,0.0,0.128
378,@NYT,IamUSAProudRU,Tue Oct 31 20:32:59 +0000 2017,@johnpodesta @WSJ @thehill @NYT @washingtonpost have exposed the dirty attempt 2 smear @realDonaldTrump w Fake Russ¡­ https://t.co/uLfuLAwgGC,0.0,0.529,0.471,-0.8316
379,@NYT,james kacer,Tue Oct 31 20:32:38 +0000 2017,@NYT @mitchellreports Manafort = Podesta = Clinton,0.0,1.0,0.0,0.0
380,@NYT,Steve Warwick,Tue Oct 31 20:30:06 +0000 2017,RT @NYT: Why Papadapoulos? Decoding Mueller¡¯s First Legal Moves. https://t.co/jXte3nW41D,0.143,0.857,0.0,0.128
381,@NYT,Sean Sasso,Tue Oct 31 20:28:31 +0000 2017,"""Recent Commercial Real Estate Transactions"" via @NYT https://t.co/wvyrVX3ZdN https://t.co/h4DiGh8oyZ",0.0,1.0,0.0,0.0
382,@NYT,Carolyn Craig,Tue Oct 31 20:28:16 +0000 2017,RT @NYT: Why Papadapoulos? Decoding Mueller¡¯s First Legal Moves. https://t.co/jXte3nW41D,0.143,0.857,0.0,0.128
383,@NYT,Andrea Mitchell,Tue Oct 31 20:28:04 +0000 2017,RT @NYT: Why Papadapoulos? Decoding Mueller¡¯s First Legal Moves. https://t.co/jXte3nW41D,0.143,0.857,0.0,0.128
384,@NYT,Lynn Petronella,Tue Oct 31 20:25:01 +0000 2017,@NBCNightlyNews @ABC @CBS @NYT PRAYERS TO NY,0.0,1.0,0.0,0.0
385,@NYT,Klaus Riede,Tue Oct 31 20:11:29 +0000 2017,RT @PLOS: ¡°Insect Armageddon¡± The @NYT Editorial Board Addresses @PLOSONE study today! https://t.co/CGOI7M1ZiL,0.0,1.0,0.0,0.0
386,@NYT,"Jose Tijam, PMP, CSM",Tue Oct 31 20:05:21 +0000 2017,"""He¡¯s George Papadopoulos, Just Not That George Papadopoulos"" via @NYT The New York Times https://t.co/UXqdRjRuwX #businessnews #business ¡­",0.0,1.0,0.0,0.0
387,@NYT,Saul Good,Tue Oct 31 20:05:18 +0000 2017,@Education4Libs @LMow239 How homophobic of MSM! @cnn @abc @nbc @cbs @washingtonpost @nyt @HuffPost @thehill,0.0,1.0,0.0,0.0
388,@NYT,Green-Diversity.com,Tue Oct 31 19:59:46 +0000 2017,@MiniPresident @DainaRameyBerry @mcantymerrill @Europarl_EN @ManfredWeber @MichelleObama @BarackObama @vestager¡­ https://t.co/59X6cqEjWq,0.0,1.0,0.0,0.0
389,@NYT,Green-Diversity.com,Tue Oct 31 19:53:00 +0000 2017,@MiniPresident @DainaRameyBerry @mcantymerrill @Europarl_EN @ManfredWeber @MichelleObama @BarackObama @vestager¡­ https://t.co/V20HQM9EG2,0.0,1.0,0.0,0.0
390,@NYT,Gitmo Watch,Tue Oct 31 19:52:39 +0000 2017,@MiddleEastEye @AlJazeera @nyt @washingtonpost @benrgilbert @vice @SimoneReports @guardian @JesselynRadack¡­ https://t.co/qYiGsSTzm0,0.0,1.0,0.0,0.0
391,@NYT,Jeremias,Tue Oct 31 19:52:30 +0000 2017,"@skyfishgoo @inartic @NYT Agree. It¡¯s always been there,  law on the books or not. The U.S. gov isn¡¯t prone to bein¡­ https://t.co/97Afo2DJ3E",0.106,0.894,0.0,0.3612
392,@NYT,Melinda Mae Miller,Tue Oct 31 19:46:26 +0000 2017,"""The Best Movies and TV Shows New to Netflix Australia in November"" @NYT https://t.co/r53nRjHrY2 https://t.co/jk2x7Xdc39",0.231,0.769,0.0,0.6369
393,@NYT,"Jose Tijam, PMP, CSM",Tue Oct 31 19:46:18 +0000 2017,"""Aetna Could Offer CVS Valuable Protection"" via @NYT The New York Times https://t.co/N41nfrUCBL #businessnews #business #news",0.171,0.829,0.0,0.4767
394,@NYT,Green-Diversity.com,Tue Oct 31 19:43:34 +0000 2017,@MiniPresident @DainaRameyBerry @mcantymerrill @Europarl_EN @ManfredWeber @MichelleObama @BarackObama @vestager¡­ https://t.co/j81lvQYMbz,0.0,1.0,0.0,0.0
395,@NYT,EmBee,Tue Oct 31 19:43:23 +0000 2017,RT @NYT: Police Respond to Reports of Possible Shooting in Lower Manhattan. https://t.co/X5RRSc5dD6,0.0,0.845,0.155,-0.296
396,@NYT,NoMoreGames?,Tue Oct 31 19:43:11 +0000 2017,@NYT https://t.co/UN10jBXyUP,0.0,1.0,0.0,0.0
397,@NYT,SicSemp for Senate,Tue Oct 31 19:34:00 +0000 2017,@OsvaldoNuin @NYT @realDonaldTrump Boko Haram...,0.0,1.0,0.0,0.0
398,@NYT,??skyfish??,Tue Oct 31 19:21:21 +0000 2017,"@harvydas @inartic offering transcription service like @nyt is one thing, but actively countering media with state¡­ https://t.co/DhLPknPZ5j",0.239,0.761,0.0,0.5719
399,@NYT,Labi Siffre,Tue Oct 31 19:18:48 +0000 2017,"When the Doctor¡¯s Mother Has Cancer
https://t.co/8RLH93iwVU
#healthcare #cancer #family #medical #nhs @nyt",0.0,0.732,0.268,-0.6597
400,@CBS,BubblePopper,Wed Nov 01 04:01:40 +0000 2017,"@CBS CBS, clean up the filth.",0.351,0.649,0.0,0.4019
401,@CBS,(Fana) ??,Wed Nov 01 04:01:34 +0000 2017,@BRAINFEEDER @Thundercat @StephenAtHome @CBS @colbertlateshow @MotormouthPR @shazi_LA I¡¯ve never reached for my rem¡­ https://t.co/lj1wdqcBGn,0.0,0.909,0.091,-0.0762
402,@CBS,Nita Phillips,Wed Nov 01 04:01:30 +0000 2017,"RT @DaveH_RPh: Hey @MSNBC, @CNN, @ABC, @CBS, @nytimes , @washingtonpost- the term LONE WOLF applies to those who act on their own warped ag¡­",0.0,0.886,0.114,-0.4278
403,@CBS,HoldThemAccountable,Wed Nov 01 04:00:18 +0000 2017,"RT @AHamiltonSpirit: Here's a video of Trump saying he knows Putin. #TheResistance needs to get this on TV.
@CNN @maddow @MSNBC @CBS @NBC
h¡­",0.0,1.0,0.0,0.0
404,@CBS,Roy Orbison,Wed Nov 01 03:59:59 +0000 2017,@RedNationRising @POTUS @realDonaldTrump @FLOTUS @CraigRSawyer @MarkDice @KateBeckinsale @elijahwood @coreyfeldman¡­ https://t.co/pg8KNALl19,0.0,1.0,0.0,0.0
405,@CBS,Roy Orbison,Wed Nov 01 03:59:50 +0000 2017,@marleydf @maggiefalk @YouTube @POTUS @Nigel_Farage @KTHopkins @WayneDupreeShow @burghseyeview @KidRock @TedNugent¡­ https://t.co/NG0Laos7kS,0.0,1.0,0.0,0.0
406,@CBS,Gary schwall,Wed Nov 01 03:59:43 +0000 2017,"RT @AHamiltonSpirit: Here's a video of Trump saying he knows Putin. #TheResistance needs to get this on TV.
@CNN @maddow @MSNBC @CBS @NBC
h¡­",0.0,1.0,0.0,0.0
407,@CBS,Roy Orbison,Wed Nov 01 03:59:41 +0000 2017,@RedNationRising @POTUS @realDonaldTrump @FLOTUS @CraigRSawyer @MarkDice @KateBeckinsale @elijahwood @coreyfeldman¡­ https://t.co/ivX6ohA42D,0.0,1.0,0.0,0.0
408,@CBS,Gi-lyn Tak,Wed Nov 01 03:59:32 +0000 2017,RT @TelevisionAcad: Thank you @CBS for supporting this year¡¯s #Emmys Golf Classic! Proceeds benefit our education programs. https://t.co/Ip¡­,0.367,0.633,0.0,0.8268
409,@CBS,Mary Ann Dunwoody,Wed Nov 01 03:59:28 +0000 2017,"I'm watching NCIS #telfie @NCIS_CBS #NCIS @CBS #CBS ???? ""Fake It 'Til You Make It"", S15:E05, 10.24... https://t.co/aYRLsJn9ci",0.0,0.846,0.154,-0.4767
410,@CBS,Heda Leksa ?,Wed Nov 01 03:58:39 +0000 2017,"RT @Kota_Elena: Lexa is one of the main characters of the series the hundred. She's our Amazon and a fighter for justice.
@netflix @CBS
#Cl¡­",0.242,0.758,0.0,0.6908
411,@CBS,Stacy Turner,Wed Nov 01 03:58:25 +0000 2017,RT @DebradaBrowning: @elaine03162002 @RealStefanieW @CBS  @CBSTweet  @CBSTVStudios  #shandy #savemajorcrimes,0.0,1.0,0.0,0.0
412,@CBS,Mickey??,Wed Nov 01 03:57:46 +0000 2017,"RT @AHamiltonSpirit: Here's a video of Trump saying he knows Putin. #TheResistance needs to get this on TV.
@CNN @maddow @MSNBC @CBS @NBC
h¡­",0.0,1.0,0.0,0.0
413,@CBS,SharNJ,Wed Nov 01 03:57:24 +0000 2017,"RT @AHamiltonSpirit: Here's a video of Trump saying he knows Putin. #TheResistance needs to get this on TV.
@CNN @maddow @MSNBC @CBS @NBC
h¡­",0.0,1.0,0.0,0.0
414,@CBS,Mia??,Wed Nov 01 03:55:11 +0000 2017,"RT @AmericanVoterUS: Propaganda is coming from WITHIN 

@CNN @ABC @NBC @CBS &amp; sometimes @FOXNews with GOP #DeepState 

Obama made #FakeNews¡­",0.0,0.905,0.095,-0.25
415,@CBS,Fawn Mac,Wed Nov 01 03:55:11 +0000 2017,RT @iluvspringtime: .@cnn @msnbc @abc @cbs @nbc @thedemocrats @mmfa @moveon @dailykos @nytimes @mediaite @huffpost @maddow @joyannreid @don¡­,0.0,1.0,0.0,0.0
416,@CBS,Sweetbay,Wed Nov 01 03:54:39 +0000 2017,Why am I not seeing anything about this in the news?  This looks like excessive force to me.  @msnbc @CNN @CBS @ABC¡­ https://t.co/SKqx8oPV8U,0.106,0.894,0.0,0.3612
417,@CBS,theaveragemovienerd,Wed Nov 01 03:54:33 +0000 2017,I'm watching NCIS #telfie @NCIS_CBS #NCIS @CBS #CBS  https://t.co/oZyinaT1B6,0.0,1.0,0.0,0.0
418,@CBS,Fenny Liu,Wed Nov 01 03:53:47 +0000 2017,RT @StacyTurner36: I have a feeling it going to be very bumpy. #SaveMajorCrimes @cbs @amazon @cbstv @warnerbrostv @WarnerBrosEnt #BestShowE¡­,0.086,0.914,0.0,0.128
419,@CBS,Fenny Liu,Wed Nov 01 03:53:44 +0000 2017,RT @StacyTurner36: #savemajorcrimes @cbs @amazon @cbstv @CBSTweet @amazonvideo @warnerbrostv @WarnerBrosEnt #BestShowEver #10MillionStrong¡­,0.0,1.0,0.0,0.0
420,@CBS,Dave Heckman,Wed Nov 01 03:53:36 +0000 2017,"Hey @MSNBC, @CNN, @ABC, @CBS, @nytimes , @washingtonpost- the term LONE WOLF applies to those who act on their own¡­ https://t.co/KEvw9mm13S",0.0,0.87,0.13,-0.4278
421,@CBS,Stacy Turner,Wed Nov 01 03:53:30 +0000 2017,RT @DebradaBrowning: @smama_bear @Nicole_Romi Yes we do! @CBS @CBSTweet  @CBSTVStudios  #shandy #savemajorcrimes @WBHomeEnt @WarnerBrosEnt,0.187,0.813,0.0,0.4574
422,@CBS,Gary schwall,Wed Nov 01 03:53:19 +0000 2017,RT @AHamiltonSpirit: @keith_pochick @anneowenphd @CNN @maddow @MSNBC @CBS @nbc Newt Gingrich on @seanhannity saying how much Paul Manafort¡­,0.0,1.0,0.0,0.0
423,@CBS,Jes,Wed Nov 01 03:53:18 +0000 2017,"RT @AHamiltonSpirit: Here's a video of Trump saying he knows Putin. #TheResistance needs to get this on TV.
@CNN @maddow @MSNBC @CBS @NBC
h¡­",0.0,1.0,0.0,0.0
424,@CBS,Jessica Reid,Wed Nov 01 03:52:43 +0000 2017,RT @swatcbs: #SWAT stars show you the intensity behind the scenes of the new @CBS? drama. https://t.co/eVz50s6RM9,0.0,1.0,0.0,0.0
425,@CBS,tracy richards,Wed Nov 01 03:52:37 +0000 2017,"RT @AHamiltonSpirit: Here's a video of Trump saying he knows Putin. #TheResistance needs to get this on TV.
@CNN @maddow @MSNBC @CBS @NBC
h¡­",0.0,1.0,0.0,0.0
426,@CBS,thomas brown,Wed Nov 01 03:51:04 +0000 2017,@AHamiltonSpirit @deb7519 @CNN @maddow @MSNBC @CBS @nbc Where is the film where Putin says He knows Donald J Trump,0.0,1.0,0.0,0.0
427,@CBS,You Don't Say,Wed Nov 01 03:50:56 +0000 2017,RT @AHamiltonSpirit: @keith_pochick @anneowenphd @CNN @maddow @MSNBC @CBS @nbc Newt Gingrich on @seanhannity saying how much Paul Manafort¡­,0.0,1.0,0.0,0.0
428,@CBS,imagine works,Wed Nov 01 03:50:47 +0000 2017,@AHamiltonSpirit @Cup_of_Joe2 @CNN @maddow @MSNBC @CBS @nbc @Lawrence have you seen this? Hope you can use it.,0.174,0.826,0.0,0.5228
429,@CBS,thomas brown,Wed Nov 01 03:50:37 +0000 2017,"RT @AHamiltonSpirit: Here's a video of Trump saying he knows Putin. #TheResistance needs to get this on TV.
@CNN @maddow @MSNBC @CBS @NBC
h¡­",0.0,1.0,0.0,0.0
430,@CBS,J. Harjo,Wed Nov 01 03:50:34 +0000 2017,"RT @rharrisonfries: #NYCTerror 
#nycterrorattack 
#NYC 
#NYCHalloween 
@BilldeBlasio 
@AndrewCuomoNews 
@CNN 
@MSNBC 
@ABC 
@CBS 
@NBCNews¡­",0.0,1.0,0.0,0.0
431,@CBS,Stacy Turner,Wed Nov 01 03:50:28 +0000 2017,I have a feeling it going to be very bumpy. #SaveMajorCrimes @cbs @amazon @cbstv @warnerbrostv @WarnerBrosEnt¡­ https://t.co/6QeMFxA0Ow,0.097,0.903,0.0,0.128
432,@CBS,MarkLimDHansters,Wed Nov 01 03:50:27 +0000 2017,RT @joeygilbertinc: Just for good measure  ¡ªfake news clowns @cnn @nbc @cbs should head down to the nearest NYC mosque ¡ªdo a ¡°polling¡± on w¡­,0.112,0.888,0.0,0.4404
433,@CBS,imagine works,Wed Nov 01 03:50:06 +0000 2017,"RT @AHamiltonSpirit: Here's a video of Trump saying he knows Putin. #TheResistance needs to get this on TV.
@CNN @maddow @MSNBC @CBS @NBC
h¡­",0.0,1.0,0.0,0.0
434,@CBS,Cup_of_Joe,Wed Nov 01 03:49:34 +0000 2017,"RT @AHamiltonSpirit: Here's a video of Trump saying he knows Putin. #TheResistance needs to get this on TV.
@CNN @maddow @MSNBC @CBS @NBC
h¡­",0.0,1.0,0.0,0.0
435,@CBS,she......persisted!,Wed Nov 01 03:49:32 +0000 2017,@AHamiltonSpirit @keith_pochick @anneowenphd @CNN @maddow @MSNBC @CBS @nbc @seanhannity He cant even tell a good li¡­ https://t.co/zVWMsUxCi8,0.0,0.862,0.138,-0.3412
436,@CBS,United Cosmic Voice,Wed Nov 01 03:49:27 +0000 2017,RT @Heavenswaylove: @CGTNOfficial @nytimes @NBCNews @ABC @CBS #Family4Life @guardian @tmttrfilm @kwatschmitsauce #Family4Life #LionsRoar ht¡­,0.0,1.0,0.0,0.0
437,@CBS,Tyrannosaurus Nay,Wed Nov 01 03:49:04 +0000 2017,"RT @AHamiltonSpirit: Here's a video of Trump saying he knows Putin. #TheResistance needs to get this on TV.
@CNN @maddow @MSNBC @CBS @NBC
h¡­",0.0,1.0,0.0,0.0
438,@CBS,SteveO ??,Wed Nov 01 03:49:01 +0000 2017,"RT @AmericanVoterUS: Propaganda is coming from WITHIN 

@CNN @ABC @NBC @CBS &amp; sometimes @FOXNews with GOP #DeepState 

Obama made #FakeNews¡­",0.0,0.905,0.095,-0.25
439,@CBS,Frederic Chopin,Wed Nov 01 03:48:55 +0000 2017,.@CBS is a terrorist organization https://t.co/MgF9LnVtSs,0.0,0.46,0.54,-0.6908
440,@CBS,Trump Despiser,Wed Nov 01 03:48:43 +0000 2017,"RT @AHamiltonSpirit: Here's a video of Trump saying he knows Putin. #TheResistance needs to get this on TV.
@CNN @maddow @MSNBC @CBS @NBC
h¡­",0.0,1.0,0.0,0.0
441,@CBS,rosa maria wieder,Wed Nov 01 03:48:20 +0000 2017,"RT @martulihan: #savemajorcrimes Wherever this guy goes, #flynngirls go with him! @WBHomeEnt @CBS @amazon @RealTonyDenison https://t.co/cNg¡­",0.0,1.0,0.0,0.0
442,@CBS,Stacy Turner,Wed Nov 01 03:48:15 +0000 2017,#savemajorcrimes @cbs @amazon @cbstv @CBSTweet @amazonvideo @warnerbrostv @WarnerBrosEnt #BestShowEver¡­ https://t.co/x2mucBOrS6,0.0,1.0,0.0,0.0
443,@CBS,rosa maria wieder,Wed Nov 01 03:48:01 +0000 2017,RT @DebradaBrowning: @cmcgeesmith @CBSTweet @amazon @CBS @RealTonyDenison Don't we all love the silver fox. #Shandy #savemajorcrimes @MaryM¡­,0.0,0.826,0.174,-0.5216
444,@CBS,CJ,Wed Nov 01 03:47:43 +0000 2017,ThisWasSaidBy @barackobama remember? @cnn @msnbc @abc @cbs @nbc @mmfa @moveon @motherjones @mediaite @huffpost¡­ https://t.co/Pk9PbKTY86,0.0,1.0,0.0,0.0
445,@CBS,rosa maria wieder,Wed Nov 01 03:47:42 +0000 2017,RT @smama_bear: @DebradaBrowning @WBHomeEnt @CBS Yes! Absolutely!! We #KeepFighting together to #savemajorcrimes ???????,0.23,0.77,0.0,0.5538
446,@CBS,she......persisted!,Wed Nov 01 03:47:35 +0000 2017,RT @AHamiltonSpirit: @keith_pochick @anneowenphd @CNN @maddow @MSNBC @CBS @nbc @seanhannity https://t.co/eBpkYB8gB0,0.0,1.0,0.0,0.0
447,@CBS,she......persisted!,Wed Nov 01 03:47:29 +0000 2017,RT @AHamiltonSpirit: @keith_pochick @anneowenphd @CNN @maddow @MSNBC @CBS @nbc @seanhannity How Trump and Putin have been actively colludin¡­,0.119,0.881,0.0,0.3182
448,@CBS,she......persisted!,Wed Nov 01 03:47:17 +0000 2017,RT @AHamiltonSpirit: @keith_pochick @anneowenphd @CNN @maddow @MSNBC @CBS @nbc @seanhannity https://t.co/qkI02oxi2G,0.0,1.0,0.0,0.0
449,@CBS,Lesley Edwards,Wed Nov 01 03:47:13 +0000 2017,"RT @AHamiltonSpirit: Here's a video of Trump saying he knows Putin. #TheResistance needs to get this on TV.
@CNN @maddow @MSNBC @CBS @NBC
h¡­",0.0,1.0,0.0,0.0
450,@CBS,tclark97801,Wed Nov 01 03:47:12 +0000 2017,"@CBS This looks completely LAME!
Sorry, Will Ferrell...",0.0,0.513,0.487,-0.6904
451,@CBS,she......persisted!,Wed Nov 01 03:47:09 +0000 2017,RT @AHamiltonSpirit: @keith_pochick @anneowenphd @CNN @maddow @MSNBC @CBS @nbc @seanhannity https://t.co/utbaw4eXpj,0.0,1.0,0.0,0.0
452,@CBS,she......persisted!,Wed Nov 01 03:46:56 +0000 2017,@AHamiltonSpirit @keith_pochick @anneowenphd @CNN @maddow @MSNBC @CBS @nbc @seanhannity The same thing everyone els¡­ https://t.co/dM70s27VrZ,0.0,1.0,0.0,0.0
453,@CBS,CJ,Wed Nov 01 03:46:08 +0000 2017,.@cnn @msnbc @abc @cbs @nbc @thedemocrats @mmfa @moveon @dailykos @nytimes @mediaite @huffpost @maddow @joyannreid¡­ https://t.co/S6ehZpdU5E,0.0,1.0,0.0,0.0
454,@CBS,she......persisted!,Wed Nov 01 03:45:54 +0000 2017,RT @AHamiltonSpirit: @keith_pochick @anneowenphd @CNN @maddow @MSNBC @CBS @nbc @seanhannity https://t.co/jzFHHPcnIN,0.0,1.0,0.0,0.0
455,@CBS,she......persisted!,Wed Nov 01 03:45:46 +0000 2017,RT @AHamiltonSpirit: @keith_pochick @anneowenphd @CNN @maddow @MSNBC @CBS @nbc Newt Gingrich on @seanhannity saying how much Paul Manafort¡­,0.0,1.0,0.0,0.0
456,@CBS,she......persisted!,Wed Nov 01 03:45:39 +0000 2017,"RT @keith_pochick: @AHamiltonSpirit @anneowenphd @CNN @maddow @MSNBC @CBS @nbc  

The media and courts can, and should, weaponize the truth.",0.113,0.887,0.0,0.3182
457,@CBS,root-beer,Wed Nov 01 03:45:23 +0000 2017,@CBS The Ford Corporation supports abortionists Planned Parenthood,0.263,0.737,0.0,0.3612
458,@CBS,she......persisted!,Wed Nov 01 03:45:14 +0000 2017,@AHamiltonSpirit @TheUnitedWhirld @CNN @maddow @MSNBC @CBS @nbc Put this on BLAST!,0.0,1.0,0.0,0.0
459,@CBS,deb,Wed Nov 01 03:45:12 +0000 2017,"RT @AHamiltonSpirit: Here's a video of Trump saying he knows Putin. #TheResistance needs to get this on TV.
@CNN @maddow @MSNBC @CBS @NBC
h¡­",0.0,1.0,0.0,0.0
460,@CBS,CJ,Wed Nov 01 03:44:58 +0000 2017,.@cnn @msnbc @abc @cbs @nbc @mmfa @moveon @dailykos @thedemocrats @dnc @joyannreid @vanjones68 @donlemon @maddow¡­ https://t.co/ZZ8jVrxepn,0.0,1.0,0.0,0.0
461,@CBS,she......persisted!,Wed Nov 01 03:44:56 +0000 2017,RT @AHamiltonSpirit: @CNN @maddow @MSNBC @CBS @nbc Remember fox weaponizes propaganda. We need to weaponize the truth.,0.119,0.777,0.104,0.0772
462,@CBS,LK,Wed Nov 01 03:44:52 +0000 2017,"RT @AHamiltonSpirit: Here's a video of Trump saying he knows Putin. #TheResistance needs to get this on TV.
@CNN @maddow @MSNBC @CBS @NBC
h¡­",0.0,1.0,0.0,0.0
463,@CBS,she......persisted!,Wed Nov 01 03:44:51 +0000 2017,RT @AHamiltonSpirit: @CNN @maddow @MSNBC @CBS @nbc This should be replaying over and over everyday.,0.0,1.0,0.0,0.0
464,@CBS,Debra Amato,Wed Nov 01 03:44:47 +0000 2017,"RT @AHamiltonSpirit: Here's a video of Trump saying he knows Putin. #TheResistance needs to get this on TV.
@CNN @maddow @MSNBC @CBS @NBC
h¡­",0.0,1.0,0.0,0.0
465,@CBS,Josefina Izurieta,Wed Nov 01 03:44:01 +0000 2017,@gordydestjeor @CBS @MeMyselfAndICBS Follow me Gordy ? Please,0.277,0.723,0.0,0.3182
466,@CBS,she......persisted!,Wed Nov 01 03:43:58 +0000 2017,@AHamiltonSpirit @TheUnitedWhirld @CNN @maddow @MSNBC @CBS @nbc Of course we knew it.The MSM needs to stop with the¡­ https://t.co/PpZKROv48f,0.0,0.891,0.109,-0.296
467,@CBS,//Tracy Lawrence//,Wed Nov 01 03:43:40 +0000 2017,"RT @AHamiltonSpirit: Here's a video of Trump saying he knows Putin. #TheResistance needs to get this on TV.
@CNN @maddow @MSNBC @CBS @NBC
h¡­",0.0,1.0,0.0,0.0
468,@CBS,Beretta 92FS,Wed Nov 01 03:43:34 +0000 2017,"RT @AmericanVoterUS: Propaganda is coming from WITHIN 

@CNN @ABC @NBC @CBS &amp; sometimes @FOXNews with GOP #DeepState 

Obama made #FakeNews¡­",0.0,0.905,0.095,-0.25
469,@CBS,Scott,Wed Nov 01 03:43:20 +0000 2017,"RT @AHamiltonSpirit: Here's a video of Trump saying he knows Putin. #TheResistance needs to get this on TV.
@CNN @maddow @MSNBC @CBS @NBC
h¡­",0.0,1.0,0.0,0.0
470,@CBS,IWantFacts,Wed Nov 01 03:43:16 +0000 2017,@Patriotic_Va It's what they do... @CBS=#FakeNews!,0.0,1.0,0.0,0.0
471,@CBS,James Campbell,Wed Nov 01 03:43:16 +0000 2017,RT @scubaseansa: @mlb @nfl @cnn @nbc @espn @GeorgeTakei @KeithOlbermann @BillClinton @BarackObama  @abc @cbs @facebook Please  reweet #HR4HR,0.126,0.874,0.0,0.3182
472,@CBS,Skyla ??,Wed Nov 01 03:42:36 +0000 2017,WTAF?!? so i hardly got to see any #YR cause of the news.... stop giving this wackos news time. it's what they want!!! @CBS @CBSNews,0.184,0.739,0.077,0.4639
473,@CBS,Vic Vega,Wed Nov 01 03:42:25 +0000 2017,"RT @AHamiltonSpirit: Here's a video of Trump saying he knows Putin. #TheResistance needs to get this on TV.
@CNN @maddow @MSNBC @CBS @NBC
h¡­",0.0,1.0,0.0,0.0
474,@CBS,Phillipa #DemForce,Wed Nov 01 03:42:14 +0000 2017,"RT @AHamiltonSpirit: Here's a video of Trump saying he knows Putin. #TheResistance needs to get this on TV.
@CNN @maddow @MSNBC @CBS @NBC
h¡­",0.0,1.0,0.0,0.0
475,@CBS,she......persisted!,Wed Nov 01 03:41:54 +0000 2017,"RT @AHamiltonSpirit: Here's a video of Trump saying he knows Putin. #TheResistance needs to get this on TV.
@CNN @maddow @MSNBC @CBS @NBC
h¡­",0.0,1.0,0.0,0.0
476,@CBS,Fenny Liu,Wed Nov 01 03:41:39 +0000 2017,RT @StacyTurner36: I agree with Tony she does look great @amazon @cbstv @warnerbrostv @WarnerBrosEnt @cbs #savemajorcrimes  #KeepFighting #¡­,0.306,0.694,0.0,0.765
477,@CBS,Dave,Wed Nov 01 03:41:03 +0000 2017,RT @scubaseansa: @mlb @nfl @cnn @nbc @espn @GeorgeTakei @KeithOlbermann @BillClinton @BarackObama  @abc @cbs @facebook Please  reweet #HR4HR,0.126,0.874,0.0,0.3182
478,@CBS,Skyla ??,Wed Nov 01 03:41:02 +0000 2017,"crap, the news has interrupted my show again...  why don't ya'll run something on the bottom of the screen @CBS @CBSNews i want my #YR!!!!",0.046,0.743,0.211,-0.6876
479,@CBS,leasertail,Wed Nov 01 03:40:55 +0000 2017,"RT @AmericanVoterUS: Propaganda is coming from WITHIN 

@CNN @ABC @NBC @CBS &amp; sometimes @FOXNews with GOP #DeepState 

Obama made #FakeNews¡­",0.0,0.905,0.095,-0.25
480,@CBS,USA Sport24,Wed Nov 01 03:40:42 +0000 2017,RT @scubaseansa: @mlb @nfl @cnn @nbc @espn @GeorgeTakei @KeithOlbermann @BillClinton @BarackObama  @abc @cbs @facebook Please  reweet #HR4HR,0.126,0.874,0.0,0.3182
481,@CBS,JG,Wed Nov 01 03:40:16 +0000 2017,Just for good measure  ¡ªfake news clowns @cnn @nbc @cbs should head down to the nearest NYC mosque ¡ªdo a ¡°polling¡± on who ¡°agrees w/today¡±?,0.112,0.888,0.0,0.4404
482,@CBS,jim,Wed Nov 01 03:40:00 +0000 2017,"RT @ItsNorbitPeters: ""Manhattan""
MSM calling it ROAD RAGE!

Did Dems SANCTUARY policy enable this?
Remember 11-7 vote!

@thehill @NBC @CBS¡­",0.0,0.794,0.206,-0.7111
483,@CBS,Waddy Deal,Wed Nov 01 03:39:59 +0000 2017,RT @CeciliaFrances4: @w_terrence @w_terrence ..WE NEED TO SAY @CNNTonight &amp; @CNN &amp; @MSNBC @CBS &amp; THE FAKE MEDIA..,0.0,0.816,0.184,-0.5904
484,@CBS,Ben Piper,Wed Nov 01 03:39:58 +0000 2017,@CBS Someone hacked your account.,0.0,0.597,0.403,-0.4019
485,@CBS,jim,Wed Nov 01 03:39:49 +0000 2017,RT @TheGreenGrapist: YO @CBS WHY DID YOU BLEACH THE PICTURE OF THE #MANHATTAN SUSPECT? @ABC DIDN'T. WHY WOULD YOU LIE TO THE PUBLIC LIKE TH¡­,0.111,0.789,0.101,0.0772
486,@CBS,Mark Edward Springer,Wed Nov 01 03:39:18 +0000 2017,RT @mike_wood: .@CBS &amp; @ncis_cbs : these are the people you're making fun of in tonight's #NCIS ep. Do some research next time. #AmateurRad¡­,0.13,0.87,0.0,0.5106
487,@CBS,Jeff Tinsley,Wed Nov 01 03:39:10 +0000 2017,"@CBS ""F*cks not given""
""Sh*t happens""
This is what CBS is about these days?",0.0,1.0,0.0,0.0
488,@CBS,Mark Edward Springer,Wed Nov 01 03:39:06 +0000 2017,@cbs @ncis_cbs Please don't use Amateur Radio as a phony prop. The Amateur Radio Service is a National asset with g¡­ https://t.co/rW1L6vraOS,0.211,0.789,0.0,0.5859
489,@CBS,Sean S,Wed Nov 01 03:38:30 +0000 2017,@mlb @nfl @cnn @nbc @espn @GeorgeTakei @KeithOlbermann @BillClinton @BarackObama  @abc @cbs @facebook Please  reweet #HR4HR,0.141,0.859,0.0,0.3182
490,@CBS,Go Trump,Wed Nov 01 03:38:06 +0000 2017,"@NotMrSalty @CBS @CBSNews Watch our new episode of AllRight News. Both sides, opinions, and the truth! Please share¡­ https://t.co/BOWCVnHx9a",0.223,0.777,0.0,0.5983
491,@CBS,Poly stylez,Wed Nov 01 03:38:05 +0000 2017,RT @steffansylvers: @sherylunderwood let's win again #October #lipsink #wars #thetalk @cbs46 @CBS @TheTalkCBS @CBSLA @CBSNews @statistiekcbs,0.202,0.798,0.0,0.5859
492,@CBS,Luisa RivasJackson?,Wed Nov 01 03:37:37 +0000 2017,RT @CBS: Happy #Halloween! Grab your friends and watch Michael Jackson's Halloween tonight: https://t.co/T3hlVVTfSB #MJHalloween https://t.¡­,0.336,0.664,0.0,0.7959
493,@CBS,Roy Orbison,Wed Nov 01 03:37:32 +0000 2017,@RedNationRising @POTUS @realDonaldTrump @FLOTUS @CraigRSawyer @MarkDice @KateBeckinsale @elijahwood @coreyfeldman¡­ https://t.co/fTRF16lknD,0.0,1.0,0.0,0.0
494,@CBS,Cathy McG,Wed Nov 01 03:37:29 +0000 2017,"RT @AHamiltonSpirit: Here's a video of Trump saying he knows Putin. #TheResistance needs to get this on TV.
@CNN @maddow @MSNBC @CBS @NBC
h¡­",0.0,1.0,0.0,0.0
495,@CBS,Roy Orbison,Wed Nov 01 03:37:28 +0000 2017,@marleydf @maggiefalk @YouTube @POTUS @Nigel_Farage @KTHopkins @WayneDupreeShow @burghseyeview @KidRock @TedNugent¡­ https://t.co/Xc6Bwwql8u,0.0,1.0,0.0,0.0
496,@CBS,Roy Orbison,Wed Nov 01 03:37:25 +0000 2017,@RedNationRising @POTUS @realDonaldTrump @FLOTUS @CraigRSawyer @MarkDice @KateBeckinsale @elijahwood @coreyfeldman¡­ https://t.co/ZZRxViNBIT,0.0,1.0,0.0,0.0
497,@CBS,Brandi ??,Wed Nov 01 03:36:19 +0000 2017,"RT @AmericanVoterUS: Propaganda is coming from WITHIN 

@CNN @ABC @NBC @CBS &amp; sometimes @FOXNews with GOP #DeepState 

Obama made #FakeNews¡­",0.0,0.905,0.095,-0.25
498,@CBS,Sally Brown,Wed Nov 01 03:36:14 +0000 2017,RT @AHamiltonSpirit: Here's everything you need to crucify Trump @ABC @CNN @AC360 @amjoyshow @donlemon @CharlesMBlow @CBS @NBCNews @Maddow¡­,0.0,1.0,0.0,0.0
499,@CBS,Deplorable Ninja,Wed Nov 01 03:36:08 +0000 2017,"RT @AmericanVoterUS: Propaganda is coming from WITHIN 

@CNN @ABC @NBC @CBS &amp; sometimes @FOXNews with GOP #DeepState 

Obama made #FakeNews¡­",0.0,0.905,0.095,-0.25
